FORMULA_ID,FORMULA_NO,FORMULA_VERS,FORMULA_DESC1,LINE_NO,INVENTORY_ITEM_ID,ORGANIZATION_ID,TYPE,DETAIL_UOM,QTY,STD_LOSS,STD_SG,STD_RATE,STD_RATE_WITH_LOSS,STD_VALUE_WOLOSS,WITH_LOSS_QTY,STD_VALUE_WIHLOSS,CREATION_DATE,LAST_UPDATE_DATE,CREATED,UPDATED_BY
108837,005600 -0000 -F29/ 101,20,BPPL ECON EMUL - WHITE,1,2240,103,Ingredient,KGS,19,3,1.56,0.01,0,0.19,19.57,0.1957,25-Jun-2015 08:31:09 AM,25-Jun-2015 08:33:49 AM,IRFAN A KHAN,IRFAN A KHAN
108837,005600 -0000 -F29/ 101,20,BPPL ECON EMUL - WHITE,1,82119,103,Product,KGS,100,3,1.56,23.4,24.102,2340,103,2410.2,25-Jun-2015 08:31:09 AM,25-Jun-2015 08:33:49 AM,IRFAN A KHAN,IRFAN A KHAN
108837,005600 -0000 -F29/ 101,20,BPPL ECON EMUL - WHITE,2,2245,103,Ingredient,KGS,0.1,3,1.56,68.68,0,6.868,0.103,7.07404,25-Jun-2015 08:31:09 AM,25-Jun-2015 08:33:49 AM,IRFAN A KHAN,IRFAN A KHAN
108837,005600 -0000 -F29/ 101,20,BPPL ECON EMUL - WHITE,3,6139495,103,Ingredient,KGS,0.5,3,1.56,126.69,0,63.345,0.515,65.24535,25-Jun-2015 08:31:09 AM,09-Nov-2020 08:46:03 AM,IRFAN A KHAN,FIZZA NAEEM
108837,005600 -0000 -F29/ 101,20,BPPL ECON EMUL - WHITE,4,28,103,Ingredient,KGS,0.4,3,1.56,404.3,0,161.72,0.412,166.5716,25-Jun-2015 08:31:09 AM,28-Sept-2021 03:07:04 PM,IRFAN A KHAN,FIZZA NAEEM
108837,005600 -0000 -F29/ 101,20,BPPL ECON EMUL - WHITE,5,154,103,Ingredient,KGS,0.3,3,1.56,121.32,0,36.396,0.309,37.48788,25-Jun-2015 08:31:09 AM,25-Jun-2015 08:33:49 AM,IRFAN A KHAN,IRFAN A KHAN
108837,005600 -0000 -F29/ 101,20,BPPL ECON EMUL - WHITE,6,30,103,Ingredient,KGS,0.05,3,1.56,191.9,0,9.595,0.0515,9.88285,25-Jun-2015 08:31:09 AM,25-Jun-2015 08:33:49 AM,IRFAN A KHAN,IRFAN A KHAN
108837,005600 -0000 -F29/ 101,20,BPPL ECON EMUL - WHITE,7,5269531,103,Ingredient,KGS,0.53,3,1.56,477.8,0,253.234,0.5459,260.83102,25-Jun-2015 08:33:49 AM,05-Aug-2019 02:13:03 PM,IRFAN A KHAN,USMAN IBRAHIM
108837,005600 -0000 -F29/ 101,20,BPPL ECON EMUL - WHITE,8,1052,103,Ingredient,KGS,21,3,1.56,15.95,0,334.95,21.63,344.9985,25-Jun-2015 08:31:09 AM,25-Jun-2015 08:33:49 AM,IRFAN A KHAN,IRFAN A KHAN
108837,005600 -0000 -F29/ 101,20,BPPL ECON EMUL - WHITE,9,1002,103,Ingredient,KGS,29.37,3,1.56,7.59,0,222.9183,30.2511,229.605849,25-Jun-2015 08:31:09 AM,25-Jun-2015 08:33:49 AM,IRFAN A KHAN,IRFAN A KHAN
108837,005600 -0000 -F29/ 101,20,BPPL ECON EMUL - WHITE,10,1001,103,Ingredient,KGS,10,3,1.56,21.21,0,212.1,10.3,218.463,25-Jun-2015 08:31:09 AM,25-Jun-2015 08:33:49 AM,IRFAN A KHAN,IRFAN A KHAN
108837,005600 -0000 -F29/ 101,20,BPPL ECON EMUL - WHITE,11,2240,103,Ingredient,KGS,6.5,3,1.56,0.01,0,0.065,6.695,0.06695,25-Jun-2015 08:31:09 AM,25-Jun-2015 08:33:49 AM,IRFAN A KHAN,IRFAN A KHAN
108837,005600 -0000 -F29/ 101,20,BPPL ECON EMUL - WHITE,12,6197559,103,Ingredient,KGS,0.55,3,1.56,1176.93,0,647.3115,0.5665,666.730845,25-Jun-2015 08:31:09 AM,05-Jun-2021 10:48:37 AM,IRFAN A KHAN,FIZZA NAEEM
108837,005600 -0000 -F29/ 101,20,BPPL ECON EMUL - WHITE,13,283,103,Ingredient,KGS,0.25,3,1.56,186.85,0,46.7125,0.2575,48.113875,25-Jun-2015 08:31:09 AM,25-Jun-2015 08:33:49 AM,IRFAN A KHAN,IRFAN A KHAN
108837,005600 -0000 -F29/ 101,20,BPPL ECON EMUL - WHITE,14,6121501,103,Ingredient,KGS,2,3,1.56,138.81,0,277.62,2.06,285.9486,25-Jun-2015 08:33:49 AM,06-Jan-2022 12:31:03 PM,IRFAN A KHAN,AKHTAR ALI
108837,005600 -0000 -F29/ 101,20,BPPL ECON EMUL - WHITE,15,1190,103,Ingredient,KGS,0.1,3,1.56,140.72,0,14.072,0.103,14.49416,25-Jun-2015 08:31:09 AM,25-Jun-2015 08:33:49 AM,IRFAN A KHAN,IRFAN A KHAN
108837,005600 -0000 -F29/ 101,20,BPPL ECON EMUL - WHITE,16,46242,103,Ingredient,KGS,0,3,1.56,348.24,0,0,0,0,25-Jun-2015 08:31:09 AM,07-Nov-2019 03:46:15 PM,IRFAN A KHAN,USMAN IBRAHIM
108837,005600 -0000 -F29/ 101,20,BPPL ECON EMUL - WHITE,17,2240,103,Ingredient,KGS,0.5,3,1.56,0.01,0,0.005,0.515,0.00515,25-Jun-2015 08:31:09 AM,25-Jun-2015 08:33:49 AM,IRFAN A KHAN,IRFAN A KHAN
108837,005600 -0000 -F29/ 101,20,BPPL ECON EMUL - WHITE,18,2366823,103,Ingredient,KGS,5,3,1.56,110.49,0,552.45,5.15,569.0235,25-Jun-2015 08:31:09 AM,25-Jun-2015 08:33:49 AM,IRFAN A KHAN,IRFAN A KHAN
108837,005600 -0000 -F29/ 101,20,BPPL ECON EMUL - WHITE,19,2240,103,Ingredient,KGS,3.65,3,1.56,0.01,0,0.0365,3.7595,0.037595,25-Jun-2015 08:31:09 AM,25-Jun-2015 08:33:49 AM,IRFAN A KHAN,IRFAN A KHAN
109777,005600 -0000 -F29/ 125,21,BPPL ECON EMUL - WHITE on A4967,1,82119,103,Product,KGS,100,3,1.56,23.81,24.5243,2381,103,2452.43,08-Jul-2015 12:57:51 PM,08-Jul-2015 01:00:49 PM,IRFAN A KHAN,IRFAN A KHAN
109777,005600 -0000 -F29/ 125,21,BPPL ECON EMUL - WHITE on A4967,1,2240,103,Ingredient,KGS,19,3,1.56,0.01,0,0.19,19.57,0.1957,08-Jul-2015 12:57:51 PM,27-Jul-2015 02:01:02 PM,IRFAN A KHAN,USMAN IBRAHIM
109777,005600 -0000 -F29/ 125,21,BPPL ECON EMUL - WHITE on A4967,2,2245,103,Ingredient,KGS,0.1,3,1.56,68.68,0,6.868,0.103,7.07404,08-Jul-2015 12:57:51 PM,27-Jul-2015 02:01:02 PM,IRFAN A KHAN,USMAN IBRAHIM
109777,005600 -0000 -F29/ 125,21,BPPL ECON EMUL - WHITE on A4967,3,6139495,103,Ingredient,KGS,0.5,3,1.56,126.69,0,63.345,0.515,65.24535,08-Jul-2015 12:57:51 PM,09-Nov-2020 08:46:03 AM,IRFAN A KHAN,FIZZA NAEEM
109777,005600 -0000 -F29/ 125,21,BPPL ECON EMUL - WHITE on A4967,4,28,103,Ingredient,KGS,0.4,3,1.56,404.3,0,161.72,0.412,166.5716,08-Jul-2015 12:57:51 PM,28-Sept-2021 03:07:04 PM,IRFAN A KHAN,FIZZA NAEEM
109777,005600 -0000 -F29/ 125,21,BPPL ECON EMUL - WHITE on A4967,5,154,103,Ingredient,KGS,0.3,3,1.56,121.23,0,36.369,0.309,37.46007,08-Jul-2015 12:57:51 PM,27-Jul-2015 02:01:02 PM,IRFAN A KHAN,USMAN IBRAHIM
109777,005600 -0000 -F29/ 125,21,BPPL ECON EMUL - WHITE on A4967,6,30,103,Ingredient,KGS,0.05,3,1.56,191.9,0,9.595,0.0515,9.88285,08-Jul-2015 12:57:51 PM,27-Jul-2015 02:01:02 PM,IRFAN A KHAN,USMAN IBRAHIM
109777,005600 -0000 -F29/ 125,21,BPPL ECON EMUL - WHITE on A4967,7,6156541,103,Ingredient,KGS,0.53,3,1.56,539.43,0,285.8979,0.5459,294.474837,27-Jul-2015 02:01:02 PM,08-Jun-2021 10:15:00 AM,USMAN IBRAHIM,FIZZA NAEEM
109777,005600 -0000 -F29/ 125,21,BPPL ECON EMUL - WHITE on A4967,8,1052,103,Ingredient,KGS,21,3,1.56,15.98,0,335.58,21.63,345.6474,08-Jul-2015 12:57:51 PM,27-Jul-2015 02:01:02 PM,IRFAN A KHAN,USMAN IBRAHIM
109777,005600 -0000 -F29/ 125,21,BPPL ECON EMUL - WHITE on A4967,9,1002,103,Ingredient,KGS,29.37,3,1.56,8.05,0,236.4285,30.2511,243.521355,08-Jul-2015 12:57:51 PM,27-Jul-2015 02:01:02 PM,IRFAN A KHAN,USMAN IBRAHIM
109777,005600 -0000 -F29/ 125,21,BPPL ECON EMUL - WHITE on A4967,10,1001,103,Ingredient,KGS,10,3,1.56,21.21,0,212.1,10.3,218.463,08-Jul-2015 12:57:51 PM,27-Jul-2015 02:01:02 PM,IRFAN A KHAN,USMAN IBRAHIM
109777,005600 -0000 -F29/ 125,21,BPPL ECON EMUL - WHITE on A4967,11,2240,103,Ingredient,KGS,6.5,3,1.56,0.01,0,0.065,6.695,0.06695,08-Jul-2015 12:57:51 PM,27-Jul-2015 02:01:02 PM,IRFAN A KHAN,USMAN IBRAHIM
109777,005600 -0000 -F29/ 125,21,BPPL ECON EMUL - WHITE on A4967,12,6197559,103,Ingredient,KGS,0.55,3,1.56,1176.93,0,647.3115,0.5665,666.730845,08-Jul-2015 12:57:51 PM,05-Jun-2021 10:35:59 AM,IRFAN A KHAN,FIZZA NAEEM
109777,005600 -0000 -F29/ 125,21,BPPL ECON EMUL - WHITE on A4967,13,283,103,Ingredient,KGS,0.25,3,1.56,186.85,0,46.7125,0.2575,48.113875,08-Jul-2015 12:57:51 PM,27-Jul-2015 02:01:02 PM,IRFAN A KHAN,USMAN IBRAHIM
109777,005600 -0000 -F29/ 125,21,BPPL ECON EMUL - WHITE on A4967,14,6121501,103,Ingredient,KGS,2,3,1.56,138.81,0,277.62,2.06,285.9486,08-Jul-2015 12:57:51 PM,06-Jan-2022 12:31:03 PM,IRFAN A KHAN,AKHTAR ALI
109777,005600 -0000 -F29/ 125,21,BPPL ECON EMUL - WHITE on A4967,15,1190,103,Ingredient,KGS,0.1,3,1.56,140.72,0,14.072,0.103,14.49416,08-Jul-2015 12:57:51 PM,27-Jul-2015 02:01:02 PM,IRFAN A KHAN,USMAN IBRAHIM
109777,005600 -0000 -F29/ 125,21,BPPL ECON EMUL - WHITE on A4967,16,46242,103,Ingredient,KGS,0,3,1.56,348.24,0,0,0,0,08-Jul-2015 12:57:51 PM,07-Nov-2019 03:46:15 PM,IRFAN A KHAN,USMAN IBRAHIM
109777,005600 -0000 -F29/ 125,21,BPPL ECON EMUL - WHITE on A4967,17,2240,103,Ingredient,KGS,0.5,3,1.56,0.01,0,0.005,0.515,0.00515,08-Jul-2015 12:57:51 PM,27-Jul-2015 02:01:02 PM,IRFAN A KHAN,USMAN IBRAHIM
109777,005600 -0000 -F29/ 125,21,BPPL ECON EMUL - WHITE on A4967,18,4543850,103,Ingredient,KGS,5.56,3,1.56,100.46,0,558.5576,5.7268,575.314328,08-Jul-2015 01:00:49 PM,27-Jul-2015 02:01:02 PM,IRFAN A KHAN,USMAN IBRAHIM
109777,005600 -0000 -F29/ 125,21,BPPL ECON EMUL - WHITE on A4967,19,2240,103,Ingredient,KGS,3.09,3,1.56,0.01,0,0.0309,3.1827,0.031827,08-Jul-2015 12:57:51 PM,27-Jul-2015 02:01:02 PM,IRFAN A KHAN,USMAN IBRAHIM
110077,005600 -0000 -F29/ 140,22,BPPL ECON EMUL - WHITE,1,2240,103,Ingredient,KGS,19,3,1.56,0.01,0,0.19,19.57,0.1957,22-Jul-2015 11:37:56 AM,22-Jul-2015 11:37:56 AM,USMAN IBRAHIM,USMAN IBRAHIM
110077,005600 -0000 -F29/ 140,22,BPPL ECON EMUL - WHITE,1,82119,103,Product,KGS,100,3,1.56,23.81,24.5243,2381,103,2452.43,22-Jul-2015 11:37:56 AM,22-Jul-2015 11:37:56 AM,USMAN IBRAHIM,USMAN IBRAHIM
110077,005600 -0000 -F29/ 140,22,BPPL ECON EMUL - WHITE,2,2245,103,Ingredient,KGS,0.1,3,1.56,68.68,0,6.868,0.103,7.07404,22-Jul-2015 11:37:56 AM,22-Jul-2015 11:37:56 AM,USMAN IBRAHIM,USMAN IBRAHIM
110077,005600 -0000 -F29/ 140,22,BPPL ECON EMUL - WHITE,3,6139495,103,Ingredient,KGS,0.5,3,1.56,126.69,0,63.345,0.515,65.24535,22-Jul-2015 11:37:56 AM,09-Nov-2020 08:46:02 AM,USMAN IBRAHIM,FIZZA NAEEM
110077,005600 -0000 -F29/ 140,22,BPPL ECON EMUL - WHITE,4,28,103,Ingredient,KGS,0.4,3,1.56,404.3,0,161.72,0.412,166.5716,22-Jul-2015 11:37:56 AM,28-Sept-2021 03:07:03 PM,USMAN IBRAHIM,FIZZA NAEEM
110077,005600 -0000 -F29/ 140,22,BPPL ECON EMUL - WHITE,5,154,103,Ingredient,KGS,0.3,3,1.56,121.23,0,36.369,0.309,37.46007,22-Jul-2015 11:37:56 AM,22-Jul-2015 11:37:56 AM,USMAN IBRAHIM,USMAN IBRAHIM
110077,005600 -0000 -F29/ 140,22,BPPL ECON EMUL - WHITE,6,30,103,Ingredient,KGS,0.05,3,1.56,191.9,0,9.595,0.0515,9.88285,22-Jul-2015 11:37:56 AM,22-Jul-2015 11:37:56 AM,USMAN IBRAHIM,USMAN IBRAHIM
110077,005600 -0000 -F29/ 140,22,BPPL ECON EMUL - WHITE,7,682,103,Ingredient,KGS,0.53,3,1.56,578.05,0,306.3665,0.5459,315.557495,22-Jul-2015 11:37:56 AM,26-Mar-2021 04:58:06 PM,USMAN IBRAHIM,FIZZA NAEEM
110077,005600 -0000 -F29/ 140,22,BPPL ECON EMUL - WHITE,8,1052,103,Ingredient,KGS,21,3,1.56,15.98,0,335.58,21.63,345.6474,22-Jul-2015 11:37:56 AM,22-Jul-2015 11:37:56 AM,USMAN IBRAHIM,USMAN IBRAHIM
110077,005600 -0000 -F29/ 140,22,BPPL ECON EMUL - WHITE,9,1002,103,Ingredient,KGS,29.37,3,1.56,8.05,0,236.4285,30.2511,243.521355,22-Jul-2015 11:37:56 AM,22-Jul-2015 11:37:56 AM,USMAN IBRAHIM,USMAN IBRAHIM
110077,005600 -0000 -F29/ 140,22,BPPL ECON EMUL - WHITE,10,1001,103,Ingredient,KGS,10,3,1.56,21.21,0,212.1,10.3,218.463,22-Jul-2015 11:37:56 AM,22-Jul-2015 11:37:56 AM,USMAN IBRAHIM,USMAN IBRAHIM
110077,005600 -0000 -F29/ 140,22,BPPL ECON EMUL - WHITE,11,2240,103,Ingredient,KGS,6.5,3,1.56,0.01,0,0.065,6.695,0.06695,22-Jul-2015 11:37:56 AM,22-Jul-2015 11:37:56 AM,USMAN IBRAHIM,USMAN IBRAHIM
110077,005600 -0000 -F29/ 140,22,BPPL ECON EMUL - WHITE,12,6197559,103,Ingredient,KGS,0.55,3,1.56,1176.93,0,647.3115,0.5665,666.730845,22-Jul-2015 11:37:56 AM,05-Jun-2021 11:23:42 AM,USMAN IBRAHIM,FIZZA NAEEM
110077,005600 -0000 -F29/ 140,22,BPPL ECON EMUL - WHITE,13,283,103,Ingredient,KGS,0.25,3,1.56,186.85,0,46.7125,0.2575,48.113875,22-Jul-2015 11:37:56 AM,22-Jul-2015 11:37:56 AM,USMAN IBRAHIM,USMAN IBRAHIM
110077,005600 -0000 -F29/ 140,22,BPPL ECON EMUL - WHITE,14,6121501,103,Ingredient,KGS,2,3,1.56,138.81,0,277.62,2.06,285.9486,22-Jul-2015 11:37:56 AM,06-Jan-2022 12:31:01 PM,USMAN IBRAHIM,AKHTAR ALI
110077,005600 -0000 -F29/ 140,22,BPPL ECON EMUL - WHITE,15,1190,103,Ingredient,KGS,0.1,3,1.56,140.72,0,14.072,0.103,14.49416,22-Jul-2015 11:37:56 AM,22-Jul-2015 11:37:56 AM,USMAN IBRAHIM,USMAN IBRAHIM
110077,005600 -0000 -F29/ 140,22,BPPL ECON EMUL - WHITE,16,46242,103,Ingredient,KGS,0,3,1.56,348.24,0,0,0,0,22-Jul-2015 11:37:56 AM,07-Nov-2019 03:46:13 PM,USMAN IBRAHIM,USMAN IBRAHIM
110077,005600 -0000 -F29/ 140,22,BPPL ECON EMUL - WHITE,17,2240,103,Ingredient,KGS,0.5,3,1.56,0.01,0,0.005,0.515,0.00515,22-Jul-2015 11:37:56 AM,22-Jul-2015 11:37:56 AM,USMAN IBRAHIM,USMAN IBRAHIM
110077,005600 -0000 -F29/ 140,22,BPPL ECON EMUL - WHITE,18,4543850,103,Ingredient,KGS,5.56,3,1.56,100.46,0,558.5576,5.7268,575.314328,22-Jul-2015 11:37:56 AM,22-Jul-2015 11:37:56 AM,USMAN IBRAHIM,USMAN IBRAHIM
110077,005600 -0000 -F29/ 140,22,BPPL ECON EMUL - WHITE,19,2240,103,Ingredient,KGS,3.09,3,1.56,0.01,0,0.0309,3.1827,0.031827,22-Jul-2015 11:37:56 AM,22-Jul-2015 11:37:56 AM,USMAN IBRAHIM,USMAN IBRAHIM
110577,005600 -0000 -F29/ 147,22,BPPL ECON EMUL - WHITE,1,2240,103,Ingredient,KGS,19,3,1.56,0.01,0,0.19,19.57,0.1957,29-Jul-2015 01:54:32 PM,29-Jul-2015 01:54:32 PM,USMAN IBRAHIM,USMAN IBRAHIM
110577,005600 -0000 -F29/ 147,22,BPPL ECON EMUL - WHITE,1,82119,103,Product,KGS,100,3,1.56,23.81,24.5243,2381,103,2452.43,29-Jul-2015 01:54:32 PM,29-Jul-2015 01:54:32 PM,USMAN IBRAHIM,USMAN IBRAHIM
110577,005600 -0000 -F29/ 147,22,BPPL ECON EMUL - WHITE,2,2245,103,Ingredient,KGS,0.1,3,1.56,68.68,0,6.868,0.103,7.07404,29-Jul-2015 01:54:32 PM,29-Jul-2015 01:54:32 PM,USMAN IBRAHIM,USMAN IBRAHIM
110577,005600 -0000 -F29/ 147,22,BPPL ECON EMUL - WHITE,3,6139495,103,Ingredient,KGS,0.5,3,1.56,126.69,0,63.345,0.515,65.24535,29-Jul-2015 01:54:32 PM,09-Nov-2020 08:46:02 AM,USMAN IBRAHIM,FIZZA NAEEM
110577,005600 -0000 -F29/ 147,22,BPPL ECON EMUL - WHITE,4,28,103,Ingredient,KGS,0.4,3,1.56,404.3,0,161.72,0.412,166.5716,29-Jul-2015 01:54:32 PM,28-Sept-2021 03:07:03 PM,USMAN IBRAHIM,FIZZA NAEEM
110577,005600 -0000 -F29/ 147,22,BPPL ECON EMUL - WHITE,5,154,103,Ingredient,KGS,0.3,3,1.56,121.23,0,36.369,0.309,37.46007,29-Jul-2015 01:54:32 PM,29-Jul-2015 01:54:32 PM,USMAN IBRAHIM,USMAN IBRAHIM
110577,005600 -0000 -F29/ 147,22,BPPL ECON EMUL - WHITE,6,30,103,Ingredient,KGS,0.05,3,1.56,191.9,0,9.595,0.0515,9.88285,29-Jul-2015 01:54:32 PM,29-Jul-2015 01:54:32 PM,USMAN IBRAHIM,USMAN IBRAHIM
110577,005600 -0000 -F29/ 147,22,BPPL ECON EMUL - WHITE,7,6156541,103,Ingredient,KGS,0.53,3,1.56,539.43,0,285.8979,0.5459,294.474837,29-Jul-2015 01:54:32 PM,08-Jun-2021 10:14:59 AM,USMAN IBRAHIM,FIZZA NAEEM
110577,005600 -0000 -F29/ 147,22,BPPL ECON EMUL - WHITE,8,1052,103,Ingredient,KGS,21,3,1.56,15.98,0,335.58,21.63,345.6474,29-Jul-2015 01:54:32 PM,29-Jul-2015 01:54:32 PM,USMAN IBRAHIM,USMAN IBRAHIM
110577,005600 -0000 -F29/ 147,22,BPPL ECON EMUL - WHITE,9,1002,103,Ingredient,KGS,29.37,3,1.56,8.05,0,236.4285,30.2511,243.521355,29-Jul-2015 01:54:32 PM,29-Jul-2015 01:54:32 PM,USMAN IBRAHIM,USMAN IBRAHIM
110577,005600 -0000 -F29/ 147,22,BPPL ECON EMUL - WHITE,10,1001,103,Ingredient,KGS,10,3,1.56,21.21,0,212.1,10.3,218.463,29-Jul-2015 01:54:32 PM,29-Jul-2015 01:54:32 PM,USMAN IBRAHIM,USMAN IBRAHIM
110577,005600 -0000 -F29/ 147,22,BPPL ECON EMUL - WHITE,11,2240,103,Ingredient,KGS,6.5,3,1.56,0.01,0,0.065,6.695,0.06695,29-Jul-2015 01:54:32 PM,29-Jul-2015 01:54:32 PM,USMAN IBRAHIM,USMAN IBRAHIM
110577,005600 -0000 -F29/ 147,22,BPPL ECON EMUL - WHITE,12,6197559,103,Ingredient,KGS,0.55,3,1.56,1176.93,0,647.3115,0.5665,666.730845,29-Jul-2015 01:54:32 PM,05-Jun-2021 11:23:42 AM,USMAN IBRAHIM,FIZZA NAEEM
110577,005600 -0000 -F29/ 147,22,BPPL ECON EMUL - WHITE,13,283,103,Ingredient,KGS,0.25,3,1.56,186.85,0,46.7125,0.2575,48.113875,29-Jul-2015 01:54:32 PM,29-Jul-2015 01:54:32 PM,USMAN IBRAHIM,USMAN IBRAHIM
110577,005600 -0000 -F29/ 147,22,BPPL ECON EMUL - WHITE,14,6121501,103,Ingredient,KGS,2,3,1.56,138.81,0,277.62,2.06,285.9486,29-Jul-2015 01:54:33 PM,06-Jan-2022 12:31:01 PM,USMAN IBRAHIM,AKHTAR ALI
110577,005600 -0000 -F29/ 147,22,BPPL ECON EMUL - WHITE,15,1190,103,Ingredient,KGS,0.1,3,1.56,140.72,0,14.072,0.103,14.49416,29-Jul-2015 01:54:33 PM,29-Jul-2015 01:54:33 PM,USMAN IBRAHIM,USMAN IBRAHIM
110577,005600 -0000 -F29/ 147,22,BPPL ECON EMUL - WHITE,16,46242,103,Ingredient,KGS,0,3,1.56,348.24,0,0,0,0,29-Jul-2015 01:54:33 PM,07-Nov-2019 03:46:13 PM,USMAN IBRAHIM,USMAN IBRAHIM
110577,005600 -0000 -F29/ 147,22,BPPL ECON EMUL - WHITE,17,2240,103,Ingredient,KGS,0.5,3,1.56,0.01,0,0.005,0.515,0.00515,29-Jul-2015 01:54:33 PM,29-Jul-2015 01:54:33 PM,USMAN IBRAHIM,USMAN IBRAHIM
110577,005600 -0000 -F29/ 147,22,BPPL ECON EMUL - WHITE,18,4543850,103,Ingredient,KGS,6,3,1.56,100.46,0,602.76,6.18,620.8428,29-Jul-2015 01:54:33 PM,29-Jul-2015 01:54:33 PM,USMAN IBRAHIM,USMAN IBRAHIM
110577,005600 -0000 -F29/ 147,22,BPPL ECON EMUL - WHITE,19,2240,103,Ingredient,KGS,2.65,3,1.56,0.01,0,0.0265,2.7295,0.027295,29-Jul-2015 01:54:33 PM,29-Jul-2015 01:54:33 PM,USMAN IBRAHIM,USMAN IBRAHIM
110697,005600 -0000 -F29/ 158,23,BPPL ECON EMUL - WHITE,1,2240,103,Ingredient,KGS,19,3,1.56,0.01,0,0.19,19.57,0.1957,31-Jul-2015 11:21:34 AM,07-Aug-2015 02:20:42 PM,USMAN IBRAHIM,USMAN IBRAHIM
110697,005600 -0000 -F29/ 158,23,BPPL ECON EMUL - WHITE,1,82119,103,Product,KGS,100,3,1.56,23.81,24.5243,2381,103,2452.43,31-Jul-2015 11:21:34 AM,31-Jul-2015 11:21:34 AM,USMAN IBRAHIM,USMAN IBRAHIM
110697,005600 -0000 -F29/ 158,23,BPPL ECON EMUL - WHITE,2,2245,103,Ingredient,KGS,0.1,3,1.56,68.68,0,6.868,0.103,7.07404,31-Jul-2015 11:21:34 AM,07-Aug-2015 02:20:42 PM,USMAN IBRAHIM,USMAN IBRAHIM
110697,005600 -0000 -F29/ 158,23,BPPL ECON EMUL - WHITE,3,6139495,103,Ingredient,KGS,0.5,3,1.56,126.69,0,63.345,0.515,65.24535,31-Jul-2015 11:21:34 AM,09-Nov-2020 08:46:05 AM,USMAN IBRAHIM,FIZZA NAEEM
110697,005600 -0000 -F29/ 158,23,BPPL ECON EMUL - WHITE,4,28,103,Ingredient,KGS,0.4,3,1.56,404.3,0,161.72,0.412,166.5716,31-Jul-2015 11:21:34 AM,28-Sept-2021 03:07:03 PM,USMAN IBRAHIM,FIZZA NAEEM
110697,005600 -0000 -F29/ 158,23,BPPL ECON EMUL - WHITE,5,154,103,Ingredient,KGS,0.3,3,1.56,121.21,0,36.363,0.309,37.45389,31-Jul-2015 11:21:34 AM,07-Aug-2015 02:20:42 PM,USMAN IBRAHIM,USMAN IBRAHIM
110697,005600 -0000 -F29/ 158,23,BPPL ECON EMUL - WHITE,6,30,103,Ingredient,KGS,0.05,3,1.56,191.9,0,9.595,0.0515,9.88285,31-Jul-2015 11:21:34 AM,07-Aug-2015 02:20:42 PM,USMAN IBRAHIM,USMAN IBRAHIM
110697,005600 -0000 -F29/ 158,23,BPPL ECON EMUL - WHITE,7,6156541,103,Ingredient,KGS,0.53,3,1.56,539.43,0,285.8979,0.5459,294.474837,31-Jul-2015 11:21:34 AM,08-Jun-2021 10:15:01 AM,USMAN IBRAHIM,FIZZA NAEEM
110697,005600 -0000 -F29/ 158,23,BPPL ECON EMUL - WHITE,8,1052,103,Ingredient,KGS,21,3,1.56,16.79,0,352.59,21.63,363.1677,07-Aug-2015 02:20:42 PM,07-Aug-2015 02:20:42 PM,USMAN IBRAHIM,USMAN IBRAHIM
110697,005600 -0000 -F29/ 158,23,BPPL ECON EMUL - WHITE,9,1002,103,Ingredient,KGS,29.37,3,1.56,7.84,0,230.2608,30.2511,237.168624,31-Jul-2015 11:21:34 AM,07-Aug-2015 02:20:42 PM,USMAN IBRAHIM,USMAN IBRAHIM
110697,005600 -0000 -F29/ 158,23,BPPL ECON EMUL - WHITE,10,1001,103,Ingredient,KGS,10,3,1.56,21.21,0,212.1,10.3,218.463,31-Jul-2015 11:21:34 AM,07-Aug-2015 02:20:42 PM,USMAN IBRAHIM,USMAN IBRAHIM
110697,005600 -0000 -F29/ 158,23,BPPL ECON EMUL - WHITE,11,2240,103,Ingredient,KGS,6.5,3,1.56,0.01,0,0.065,6.695,0.06695,31-Jul-2015 11:21:34 AM,07-Aug-2015 02:20:42 PM,USMAN IBRAHIM,USMAN IBRAHIM
110697,005600 -0000 -F29/ 158,23,BPPL ECON EMUL - WHITE,12,6197559,103,Ingredient,KGS,0.55,3,1.56,1176.93,0,647.3115,0.5665,666.730845,31-Jul-2015 11:21:34 AM,05-Jun-2021 11:02:47 AM,USMAN IBRAHIM,FIZZA NAEEM
110697,005600 -0000 -F29/ 158,23,BPPL ECON EMUL - WHITE,13,285,103,Ingredient,KGS,0.25,3,1.56,166.65,0,41.6625,0.2575,42.912375,07-Aug-2015 02:20:42 PM,07-Aug-2015 02:20:42 PM,USMAN IBRAHIM,USMAN IBRAHIM
110697,005600 -0000 -F29/ 158,23,BPPL ECON EMUL - WHITE,14,6121501,103,Ingredient,KGS,2,3,1.56,138.81,0,277.62,2.06,285.9486,31-Jul-2015 11:21:34 AM,06-Jan-2022 12:31:00 PM,USMAN IBRAHIM,AKHTAR ALI
110697,005600 -0000 -F29/ 158,23,BPPL ECON EMUL - WHITE,15,1190,103,Ingredient,KGS,0.1,3,1.56,140.72,0,14.072,0.103,14.49416,31-Jul-2015 11:21:34 AM,07-Aug-2015 02:20:42 PM,USMAN IBRAHIM,USMAN IBRAHIM
110697,005600 -0000 -F29/ 158,23,BPPL ECON EMUL - WHITE,16,46242,103,Ingredient,KGS,0,3,1.56,348.24,0,0,0,0,31-Jul-2015 11:21:34 AM,07-Nov-2019 03:46:13 PM,USMAN IBRAHIM,USMAN IBRAHIM
110697,005600 -0000 -F29/ 158,23,BPPL ECON EMUL - WHITE,17,2240,103,Ingredient,KGS,0.5,3,1.56,0.01,0,0.005,0.515,0.00515,31-Jul-2015 11:21:34 AM,07-Aug-2015 02:20:42 PM,USMAN IBRAHIM,USMAN IBRAHIM
110697,005600 -0000 -F29/ 158,23,BPPL ECON EMUL - WHITE,18,4543850,103,Ingredient,KGS,6,3,1.56,100.48,0,602.88,6.18,620.9664,31-Jul-2015 11:21:34 AM,07-Aug-2015 02:20:42 PM,USMAN IBRAHIM,USMAN IBRAHIM
110697,005600 -0000 -F29/ 158,23,BPPL ECON EMUL - WHITE,19,2240,103,Ingredient,KGS,2.65,3,1.56,0.01,0,0.0265,2.7295,0.027295,31-Jul-2015 11:21:34 AM,07-Aug-2015 02:20:42 PM,USMAN IBRAHIM,USMAN IBRAHIM
112770,005600 -0000 -F29/ 195,24,BPPL ECON EMUL - WHITE,1,2240,103,Ingredient,KGS,19,3,1.56,0.01,0,0.19,19.57,0.1957,30-Aug-2015 12:34:49 PM,30-Aug-2015 12:36:51 PM,IRFAN A KHAN,IRFAN A KHAN
112770,005600 -0000 -F29/ 195,24,BPPL ECON EMUL - WHITE,1,82119,103,Product,KGS,100,3,1.56,24.03,24.7509,2403,103,2475.09,30-Aug-2015 12:34:49 PM,30-Aug-2015 12:36:51 PM,IRFAN A KHAN,IRFAN A KHAN
112770,005600 -0000 -F29/ 195,24,BPPL ECON EMUL - WHITE,2,2245,103,Ingredient,KGS,0.1,3,1.56,68.68,0,6.868,0.103,7.07404,30-Aug-2015 12:34:49 PM,30-Aug-2015 12:36:51 PM,IRFAN A KHAN,IRFAN A KHAN
112770,005600 -0000 -F29/ 195,24,BPPL ECON EMUL - WHITE,3,6139495,103,Ingredient,KGS,0.5,3,1.56,126.69,0,63.345,0.515,65.24535,30-Aug-2015 12:34:49 PM,09-Nov-2020 08:46:02 AM,IRFAN A KHAN,FIZZA NAEEM
112770,005600 -0000 -F29/ 195,24,BPPL ECON EMUL - WHITE,4,28,103,Ingredient,KGS,0.4,3,1.56,404.3,0,161.72,0.412,166.5716,30-Aug-2015 12:34:49 PM,28-Sept-2021 03:07:03 PM,IRFAN A KHAN,FIZZA NAEEM
112770,005600 -0000 -F29/ 195,24,BPPL ECON EMUL - WHITE,5,154,103,Ingredient,KGS,0.3,3,1.56,121.21,0,36.363,0.309,37.45389,30-Aug-2015 12:34:49 PM,30-Aug-2015 12:36:51 PM,IRFAN A KHAN,IRFAN A KHAN
112770,005600 -0000 -F29/ 195,24,BPPL ECON EMUL - WHITE,6,30,103,Ingredient,KGS,0.05,3,1.56,191.9,0,9.595,0.0515,9.88285,30-Aug-2015 12:34:49 PM,30-Aug-2015 12:36:51 PM,IRFAN A KHAN,IRFAN A KHAN
112770,005600 -0000 -F29/ 195,24,BPPL ECON EMUL - WHITE,7,6156541,103,Ingredient,KGS,0.53,3,1.56,539.43,0,285.8979,0.5459,294.474837,30-Aug-2015 12:34:49 PM,08-Jun-2021 10:15:01 AM,IRFAN A KHAN,FIZZA NAEEM
112770,005600 -0000 -F29/ 195,24,BPPL ECON EMUL - WHITE,8,1052,103,Ingredient,KGS,21,3,1.56,17.53,0,368.13,21.63,379.1739,30-Aug-2015 12:36:51 PM,25-Aug-2021 10:31:36 AM,IRFAN A KHAN,FIZZA NAEEM
112770,005600 -0000 -F29/ 195,24,BPPL ECON EMUL - WHITE,9,1002,103,Ingredient,KGS,29.37,3,1.56,7.84,0,230.2608,30.2511,237.168624,30-Aug-2015 12:34:49 PM,30-Aug-2015 12:36:51 PM,IRFAN A KHAN,IRFAN A KHAN
112770,005600 -0000 -F29/ 195,24,BPPL ECON EMUL - WHITE,10,1001,103,Ingredient,KGS,10,3,1.56,21.21,0,212.1,10.3,218.463,30-Aug-2015 12:34:49 PM,30-Aug-2015 12:36:51 PM,IRFAN A KHAN,IRFAN A KHAN
112770,005600 -0000 -F29/ 195,24,BPPL ECON EMUL - WHITE,11,2240,103,Ingredient,KGS,6.5,3,1.56,0.01,0,0.065,6.695,0.06695,30-Aug-2015 12:34:49 PM,30-Aug-2015 12:36:51 PM,IRFAN A KHAN,IRFAN A KHAN
112770,005600 -0000 -F29/ 195,24,BPPL ECON EMUL - WHITE,12,6197559,103,Ingredient,KGS,0.55,3,1.56,1176.93,0,647.3115,0.5665,666.730845,30-Aug-2015 12:34:49 PM,05-Jun-2021 10:49:22 AM,IRFAN A KHAN,FIZZA NAEEM
112770,005600 -0000 -F29/ 195,24,BPPL ECON EMUL - WHITE,13,283,103,Ingredient,KGS,0.25,3,1.56,186.85,0,46.7125,0.2575,48.113875,30-Aug-2015 12:36:51 PM,30-Aug-2015 12:36:51 PM,IRFAN A KHAN,IRFAN A KHAN
112770,005600 -0000 -F29/ 195,24,BPPL ECON EMUL - WHITE,14,6121501,103,Ingredient,KGS,2,3,1.56,138.81,0,277.62,2.06,285.9486,30-Aug-2015 12:34:49 PM,06-Jan-2022 12:31:02 PM,IRFAN A KHAN,AKHTAR ALI
112770,005600 -0000 -F29/ 195,24,BPPL ECON EMUL - WHITE,15,1190,103,Ingredient,KGS,0.1,3,1.56,140.72,0,14.072,0.103,14.49416,30-Aug-2015 12:34:49 PM,30-Aug-2015 12:36:51 PM,IRFAN A KHAN,IRFAN A KHAN
112770,005600 -0000 -F29/ 195,24,BPPL ECON EMUL - WHITE,16,46242,103,Ingredient,KGS,0,3,1.56,348.24,0,0,0,0,30-Aug-2015 12:34:49 PM,07-Nov-2019 03:46:13 PM,IRFAN A KHAN,USMAN IBRAHIM
112770,005600 -0000 -F29/ 195,24,BPPL ECON EMUL - WHITE,17,2240,103,Ingredient,KGS,0.5,3,1.56,0.01,0,0.005,0.515,0.00515,30-Aug-2015 12:34:49 PM,30-Aug-2015 12:36:51 PM,IRFAN A KHAN,IRFAN A KHAN
112770,005600 -0000 -F29/ 195,24,BPPL ECON EMUL - WHITE,18,4543850,103,Ingredient,KGS,6,3,1.56,100.48,0,602.88,6.18,620.9664,30-Aug-2015 12:34:49 PM,30-Aug-2015 12:36:51 PM,IRFAN A KHAN,IRFAN A KHAN
112770,005600 -0000 -F29/ 195,24,BPPL ECON EMUL - WHITE,19,2240,103,Ingredient,KGS,2.65,3,1.56,0.01,0,0.0265,2.7295,0.027295,30-Aug-2015 12:34:49 PM,30-Aug-2015 12:36:51 PM,IRFAN A KHAN,IRFAN A KHAN
114995,005600 -0000 -F30/ 58,25,BPPL ECON EMUL - WHITE,1,2240,103,Ingredient,KGS,19,3,1.56,0.01,0,0.19,19.57,0.1957,26-Oct-2015 02:35:02 PM,26-Oct-2015 02:35:02 PM,USMAN IBRAHIM,USMAN IBRAHIM
114995,005600 -0000 -F30/ 58,25,BPPL ECON EMUL - WHITE,1,82119,103,Product,KGS,100,3,1.56,23.26,23.9578,2326,103,2395.78,26-Oct-2015 02:35:02 PM,26-Oct-2015 02:35:02 PM,USMAN IBRAHIM,USMAN IBRAHIM
114995,005600 -0000 -F30/ 58,25,BPPL ECON EMUL - WHITE,2,2245,103,Ingredient,KGS,0.1,3,1.56,63.79,0,6.379,0.103,6.57037,26-Oct-2015 02:35:02 PM,26-Oct-2015 02:35:02 PM,USMAN IBRAHIM,USMAN IBRAHIM
114995,005600 -0000 -F30/ 58,25,BPPL ECON EMUL - WHITE,3,6139495,103,Ingredient,KGS,0.5,3,1.56,126.69,0,63.345,0.515,65.24535,26-Oct-2015 02:35:02 PM,09-Nov-2020 08:46:03 AM,USMAN IBRAHIM,FIZZA NAEEM
114995,005600 -0000 -F30/ 58,25,BPPL ECON EMUL - WHITE,4,28,103,Ingredient,KGS,0.4,3,1.56,404.3,0,161.72,0.412,166.5716,26-Oct-2015 02:35:02 PM,28-Sept-2021 03:07:03 PM,USMAN IBRAHIM,FIZZA NAEEM
114995,005600 -0000 -F30/ 58,25,BPPL ECON EMUL - WHITE,5,154,103,Ingredient,KGS,0.3,3,1.56,115.22,0,34.566,0.309,35.60298,26-Oct-2015 02:35:02 PM,26-Oct-2015 02:35:02 PM,USMAN IBRAHIM,USMAN IBRAHIM
114995,005600 -0000 -F30/ 58,25,BPPL ECON EMUL - WHITE,6,30,103,Ingredient,KGS,0.05,3,1.56,188.45,0,9.4225,0.0515,9.705175,26-Oct-2015 02:35:02 PM,26-Oct-2015 02:35:02 PM,USMAN IBRAHIM,USMAN IBRAHIM
114995,005600 -0000 -F30/ 58,25,BPPL ECON EMUL - WHITE,7,6156541,103,Ingredient,KGS,0.58,3,1.56,539.43,0,312.8694,0.5974,322.255482,26-Oct-2015 02:35:02 PM,08-Jun-2021 10:15:00 AM,USMAN IBRAHIM,FIZZA NAEEM
114995,005600 -0000 -F30/ 58,25,BPPL ECON EMUL - WHITE,8,1052,103,Ingredient,KGS,21,3,1.56,17.53,0,368.13,21.63,379.1739,26-Oct-2015 02:35:02 PM,25-Aug-2021 10:31:38 AM,USMAN IBRAHIM,FIZZA NAEEM
114995,005600 -0000 -F30/ 58,25,BPPL ECON EMUL - WHITE,9,1002,103,Ingredient,KGS,29.32,3,1.56,7.58,0,222.2456,30.1996,228.912968,26-Oct-2015 02:35:02 PM,26-Oct-2015 02:35:02 PM,USMAN IBRAHIM,USMAN IBRAHIM
114995,005600 -0000 -F30/ 58,25,BPPL ECON EMUL - WHITE,10,1001,103,Ingredient,KGS,10,3,1.56,21.21,0,212.1,10.3,218.463,26-Oct-2015 02:35:02 PM,26-Oct-2015 02:35:02 PM,USMAN IBRAHIM,USMAN IBRAHIM
114995,005600 -0000 -F30/ 58,25,BPPL ECON EMUL - WHITE,11,2240,103,Ingredient,KGS,6.5,3,1.56,0.01,0,0.065,6.695,0.06695,26-Oct-2015 02:35:02 PM,26-Oct-2015 02:35:02 PM,USMAN IBRAHIM,USMAN IBRAHIM
114995,005600 -0000 -F30/ 58,25,BPPL ECON EMUL - WHITE,12,6197559,103,Ingredient,KGS,0.55,3,1.56,1176.93,0,647.3115,0.5665,666.730845,26-Oct-2015 02:35:02 PM,05-Jun-2021 10:49:22 AM,USMAN IBRAHIM,FIZZA NAEEM
114995,005600 -0000 -F30/ 58,25,BPPL ECON EMUL - WHITE,13,283,103,Ingredient,KGS,0.25,3,1.56,186.85,0,46.7125,0.2575,48.113875,26-Oct-2015 02:35:02 PM,26-Oct-2015 02:35:02 PM,USMAN IBRAHIM,USMAN IBRAHIM
114995,005600 -0000 -F30/ 58,25,BPPL ECON EMUL - WHITE,14,6121501,103,Ingredient,KGS,2,3,1.56,138.81,0,277.62,2.06,285.9486,26-Oct-2015 02:35:02 PM,06-Jan-2022 12:31:03 PM,USMAN IBRAHIM,AKHTAR ALI
114995,005600 -0000 -F30/ 58,25,BPPL ECON EMUL - WHITE,15,1190,103,Ingredient,KGS,0.1,3,1.56,140.87,0,14.087,0.103,14.50961,26-Oct-2015 02:35:02 PM,26-Oct-2015 02:35:02 PM,USMAN IBRAHIM,USMAN IBRAHIM
114995,005600 -0000 -F30/ 58,25,BPPL ECON EMUL - WHITE,16,46242,103,Ingredient,KGS,0,3,1.56,348.24,0,0,0,0,26-Oct-2015 02:35:02 PM,07-Nov-2019 03:46:15 PM,USMAN IBRAHIM,USMAN IBRAHIM
114995,005600 -0000 -F30/ 58,25,BPPL ECON EMUL - WHITE,17,2240,103,Ingredient,KGS,0.5,3,1.56,0.01,0,0.005,0.515,0.00515,26-Oct-2015 02:35:02 PM,26-Oct-2015 02:35:02 PM,USMAN IBRAHIM,USMAN IBRAHIM
114995,005600 -0000 -F30/ 58,25,BPPL ECON EMUL - WHITE,18,4543850,103,Ingredient,KGS,6,3,1.56,91.95,0,551.7,6.18,568.251,26-Oct-2015 02:35:02 PM,26-Oct-2015 02:35:02 PM,USMAN IBRAHIM,USMAN IBRAHIM
114995,005600 -0000 -F30/ 58,25,BPPL ECON EMUL - WHITE,19,2240,103,Ingredient,KGS,2.65,3,1.56,0.01,0,0.0265,2.7295,0.027295,26-Oct-2015 02:35:02 PM,26-Oct-2015 02:35:02 PM,USMAN IBRAHIM,USMAN IBRAHIM
115232,005600 -0000 -F30/ 66,26,BPPL ECON EMUL - WHITE,1,2240,103,Ingredient,KGS,19,3,1.56,0.01,0,0.19,19.57,0.1957,02-Nov-2015 01:58:03 PM,02-Nov-2015 01:58:03 PM,UMAR FAYYAZ,UMAR FAYYAZ
115232,005600 -0000 -F30/ 66,26,BPPL ECON EMUL - WHITE,1,82119,103,Product,KGS,100,3,1.56,23.46,24.1638,2346,103,2416.38,02-Nov-2015 01:58:03 PM,02-Nov-2015 01:58:03 PM,UMAR FAYYAZ,UMAR FAYYAZ
115232,005600 -0000 -F30/ 66,26,BPPL ECON EMUL - WHITE,2,2245,103,Ingredient,KGS,0.1,3,1.56,63.79,0,6.379,0.103,6.57037,02-Nov-2015 01:58:03 PM,02-Nov-2015 01:58:03 PM,UMAR FAYYAZ,UMAR FAYYAZ
115232,005600 -0000 -F30/ 66,26,BPPL ECON EMUL - WHITE,3,6139495,103,Ingredient,KGS,0.5,3,1.56,126.69,0,63.345,0.515,65.24535,02-Nov-2015 01:58:03 PM,09-Nov-2020 08:46:05 AM,UMAR FAYYAZ,FIZZA NAEEM
115232,005600 -0000 -F30/ 66,26,BPPL ECON EMUL - WHITE,4,28,103,Ingredient,KGS,0.4,3,1.56,404.3,0,161.72,0.412,166.5716,02-Nov-2015 01:58:03 PM,28-Sept-2021 03:07:04 PM,UMAR FAYYAZ,FIZZA NAEEM
115232,005600 -0000 -F30/ 66,26,BPPL ECON EMUL - WHITE,5,154,103,Ingredient,KGS,0.3,3,1.56,109.81,0,32.943,0.309,33.93129,02-Nov-2015 01:58:03 PM,02-Nov-2015 01:58:03 PM,UMAR FAYYAZ,UMAR FAYYAZ
115232,005600 -0000 -F30/ 66,26,BPPL ECON EMUL - WHITE,6,30,103,Ingredient,KGS,0.05,3,1.56,188.45,0,9.4225,0.0515,9.705175,02-Nov-2015 01:58:03 PM,02-Nov-2015 01:58:03 PM,UMAR FAYYAZ,UMAR FAYYAZ
115232,005600 -0000 -F30/ 66,26,BPPL ECON EMUL - WHITE,7,6156541,103,Ingredient,KGS,0.53,3,1.56,539.43,0,285.8979,0.5459,294.474837,02-Nov-2015 01:58:03 PM,08-Jun-2021 10:15:01 AM,UMAR FAYYAZ,FIZZA NAEEM
115232,005600 -0000 -F30/ 66,26,BPPL ECON EMUL - WHITE,8,1052,103,Ingredient,KGS,21,3,1.56,17.57,0,368.97,21.63,380.0391,02-Nov-2015 01:58:03 PM,02-Nov-2015 01:58:03 PM,UMAR FAYYAZ,UMAR FAYYAZ
115232,005600 -0000 -F30/ 66,26,BPPL ECON EMUL - WHITE,9,1002,103,Ingredient,KGS,29.37,3,1.56,7.67,0,225.2679,30.2511,232.025937,02-Nov-2015 01:58:03 PM,02-Nov-2015 01:58:03 PM,UMAR FAYYAZ,UMAR FAYYAZ
115232,005600 -0000 -F30/ 66,26,BPPL ECON EMUL - WHITE,10,1001,103,Ingredient,KGS,10,3,1.56,21.21,0,212.1,10.3,218.463,02-Nov-2015 01:58:03 PM,02-Nov-2015 01:58:03 PM,UMAR FAYYAZ,UMAR FAYYAZ
115232,005600 -0000 -F30/ 66,26,BPPL ECON EMUL - WHITE,11,2240,103,Ingredient,KGS,6.5,3,1.56,0.01,0,0.065,6.695,0.06695,02-Nov-2015 01:58:03 PM,02-Nov-2015 01:58:03 PM,UMAR FAYYAZ,UMAR FAYYAZ
115232,005600 -0000 -F30/ 66,26,BPPL ECON EMUL - WHITE,12,6197559,103,Ingredient,KGS,0.6,3,1.56,1176.93,0,706.158,0.618,727.34274,02-Nov-2015 01:58:03 PM,05-Jun-2021 11:04:19 AM,UMAR FAYYAZ,FIZZA NAEEM
115232,005600 -0000 -F30/ 66,26,BPPL ECON EMUL - WHITE,13,283,103,Ingredient,KGS,0.25,3,1.56,186.85,0,46.7125,0.2575,48.113875,02-Nov-2015 01:58:03 PM,02-Nov-2015 01:58:03 PM,UMAR FAYYAZ,UMAR FAYYAZ
115232,005600 -0000 -F30/ 66,26,BPPL ECON EMUL - WHITE,14,6121501,103,Ingredient,KGS,2,3,1.56,138.81,0,277.62,2.06,285.9486,02-Nov-2015 01:58:03 PM,06-Jan-2022 12:31:00 PM,UMAR FAYYAZ,AKHTAR ALI
115232,005600 -0000 -F30/ 66,26,BPPL ECON EMUL - WHITE,15,1190,103,Ingredient,KGS,0.1,3,1.56,140.44,0,14.044,0.103,14.46532,02-Nov-2015 01:58:03 PM,02-Nov-2015 01:58:03 PM,UMAR FAYYAZ,UMAR FAYYAZ
115232,005600 -0000 -F30/ 66,26,BPPL ECON EMUL - WHITE,16,46242,103,Ingredient,KGS,0,3,1.56,348.24,0,0,0,0,02-Nov-2015 01:58:03 PM,07-Nov-2019 03:46:12 PM,UMAR FAYYAZ,USMAN IBRAHIM
115232,005600 -0000 -F30/ 66,26,BPPL ECON EMUL - WHITE,17,2240,103,Ingredient,KGS,0.5,3,1.56,0.01,0,0.005,0.515,0.00515,02-Nov-2015 01:58:03 PM,02-Nov-2015 01:58:03 PM,UMAR FAYYAZ,UMAR FAYYAZ
115232,005600 -0000 -F30/ 66,26,BPPL ECON EMUL - WHITE,18,4543850,103,Ingredient,KGS,6,3,1.56,89.03,0,534.18,6.18,550.2054,02-Nov-2015 01:58:03 PM,02-Nov-2015 01:58:03 PM,UMAR FAYYAZ,UMAR FAYYAZ
115232,005600 -0000 -F30/ 66,26,BPPL ECON EMUL - WHITE,19,2240,103,Ingredient,KGS,2.6,3,1.56,0.01,0,0.026,2.678,0.02678,02-Nov-2015 01:58:03 PM,02-Nov-2015 01:58:03 PM,UMAR FAYYAZ,UMAR FAYYAZ
115838,005600 -0000 -F30/ 87,27,BPPL ECON EMUL - WHITE,1,2240,103,Ingredient,KGS,19,3,1.56,0.01,0,0.19,19.57,0.1957,12-Nov-2015 01:06:42 PM,12-Nov-2015 01:06:42 PM,USMAN IBRAHIM,USMAN IBRAHIM
115838,005600 -0000 -F30/ 87,27,BPPL ECON EMUL - WHITE,1,82119,103,Product,KGS,100,3,1.56,23.46,24.1638,2346,103,2416.38,12-Nov-2015 01:06:42 PM,12-Nov-2015 01:06:42 PM,USMAN IBRAHIM,USMAN IBRAHIM
115838,005600 -0000 -F30/ 87,27,BPPL ECON EMUL - WHITE,2,2245,103,Ingredient,KGS,0.1,3,1.56,63.79,0,6.379,0.103,6.57037,12-Nov-2015 01:06:42 PM,12-Nov-2015 01:06:42 PM,USMAN IBRAHIM,USMAN IBRAHIM
115838,005600 -0000 -F30/ 87,27,BPPL ECON EMUL - WHITE,3,6139495,103,Ingredient,KGS,0.5,3,1.56,126.69,0,63.345,0.515,65.24535,12-Nov-2015 01:06:42 PM,09-Nov-2020 08:46:03 AM,USMAN IBRAHIM,FIZZA NAEEM
115838,005600 -0000 -F30/ 87,27,BPPL ECON EMUL - WHITE,4,28,103,Ingredient,KGS,0.4,3,1.56,404.3,0,161.72,0.412,166.5716,12-Nov-2015 01:06:42 PM,28-Sept-2021 03:07:03 PM,USMAN IBRAHIM,FIZZA NAEEM
115838,005600 -0000 -F30/ 87,27,BPPL ECON EMUL - WHITE,5,154,103,Ingredient,KGS,0.3,3,1.56,109.81,0,32.943,0.309,33.93129,12-Nov-2015 01:06:42 PM,12-Nov-2015 01:06:42 PM,USMAN IBRAHIM,USMAN IBRAHIM
115838,005600 -0000 -F30/ 87,27,BPPL ECON EMUL - WHITE,6,30,103,Ingredient,KGS,0.05,3,1.56,188.45,0,9.4225,0.0515,9.705175,12-Nov-2015 01:06:42 PM,12-Nov-2015 01:06:42 PM,USMAN IBRAHIM,USMAN IBRAHIM
115838,005600 -0000 -F30/ 87,27,BPPL ECON EMUL - WHITE,7,6156541,103,Ingredient,KGS,0.53,3,1.56,539.43,0,285.8979,0.5459,294.474837,12-Nov-2015 01:06:42 PM,08-Jun-2021 10:15:00 AM,USMAN IBRAHIM,FIZZA NAEEM
115838,005600 -0000 -F30/ 87,27,BPPL ECON EMUL - WHITE,8,1052,103,Ingredient,KGS,21,3,1.56,17.57,0,368.97,21.63,380.0391,12-Nov-2015 01:06:42 PM,12-Nov-2015 01:06:42 PM,USMAN IBRAHIM,USMAN IBRAHIM
115838,005600 -0000 -F30/ 87,27,BPPL ECON EMUL - WHITE,9,1002,103,Ingredient,KGS,29.37,3,1.56,7.67,0,225.2679,30.2511,232.025937,12-Nov-2015 01:06:42 PM,12-Nov-2015 01:06:42 PM,USMAN IBRAHIM,USMAN IBRAHIM
115838,005600 -0000 -F30/ 87,27,BPPL ECON EMUL - WHITE,10,1001,103,Ingredient,KGS,10,3,1.56,21.21,0,212.1,10.3,218.463,12-Nov-2015 01:06:42 PM,12-Nov-2015 01:06:42 PM,USMAN IBRAHIM,USMAN IBRAHIM
115838,005600 -0000 -F30/ 87,27,BPPL ECON EMUL - WHITE,11,2240,103,Ingredient,KGS,6.5,3,1.56,0.01,0,0.065,6.695,0.06695,12-Nov-2015 01:06:42 PM,12-Nov-2015 01:06:42 PM,USMAN IBRAHIM,USMAN IBRAHIM
115838,005600 -0000 -F30/ 87,27,BPPL ECON EMUL - WHITE,12,6197559,103,Ingredient,KGS,0.6,3,1.56,1176.93,0,706.158,0.618,727.34274,12-Nov-2015 01:06:42 PM,05-Jun-2021 10:49:22 AM,USMAN IBRAHIM,FIZZA NAEEM
115838,005600 -0000 -F30/ 87,27,BPPL ECON EMUL - WHITE,13,283,103,Ingredient,KGS,0.25,3,1.56,186.85,0,46.7125,0.2575,48.113875,12-Nov-2015 01:06:42 PM,12-Nov-2015 01:06:42 PM,USMAN IBRAHIM,USMAN IBRAHIM
115838,005600 -0000 -F30/ 87,27,BPPL ECON EMUL - WHITE,14,6121501,103,Ingredient,KGS,2,3,1.56,138.81,0,277.62,2.06,285.9486,12-Nov-2015 01:06:42 PM,06-Jan-2022 12:31:03 PM,USMAN IBRAHIM,AKHTAR ALI
115838,005600 -0000 -F30/ 87,27,BPPL ECON EMUL - WHITE,15,1190,103,Ingredient,KGS,0.1,3,1.56,140.44,0,14.044,0.103,14.46532,12-Nov-2015 01:06:42 PM,12-Nov-2015 01:06:42 PM,USMAN IBRAHIM,USMAN IBRAHIM
115838,005600 -0000 -F30/ 87,27,BPPL ECON EMUL - WHITE,16,46242,103,Ingredient,KGS,0,3,1.56,348.24,0,0,0,0,12-Nov-2015 01:06:42 PM,07-Nov-2019 03:46:14 PM,USMAN IBRAHIM,USMAN IBRAHIM
115838,005600 -0000 -F30/ 87,27,BPPL ECON EMUL - WHITE,17,2240,103,Ingredient,KGS,0.5,3,1.56,0.01,0,0.005,0.515,0.00515,12-Nov-2015 01:06:42 PM,12-Nov-2015 01:06:42 PM,USMAN IBRAHIM,USMAN IBRAHIM
115838,005600 -0000 -F30/ 87,27,BPPL ECON EMUL - WHITE,18,4543850,103,Ingredient,KGS,6,3,1.56,89.03,0,534.18,6.18,550.2054,12-Nov-2015 01:06:42 PM,12-Nov-2015 01:06:42 PM,USMAN IBRAHIM,USMAN IBRAHIM
115838,005600 -0000 -F30/ 87,27,BPPL ECON EMUL - WHITE,19,2240,103,Ingredient,KGS,2.6,3,1.56,0.01,0,0.026,2.678,0.02678,12-Nov-2015 01:06:42 PM,12-Nov-2015 01:06:42 PM,USMAN IBRAHIM,USMAN IBRAHIM
116517,005600 -0000 -F30/124,27,BPPL ECON EMUL - WHITE,1,2240,103,Ingredient,KGS,19,3,1.56,0.01,0,0.19,19.57,0.1957,12-Dec-2015 04:36:03 PM,12-Dec-2015 04:36:03 PM,FIZZA NAEEM,FIZZA NAEEM
116517,005600 -0000 -F30/124,27,BPPL ECON EMUL - WHITE,1,82119,103,Product,KGS,100,3,1.56,23.18,23.8754,2318,103,2387.54,12-Dec-2015 04:36:03 PM,12-Dec-2015 04:36:03 PM,FIZZA NAEEM,FIZZA NAEEM
116517,005600 -0000 -F30/124,27,BPPL ECON EMUL - WHITE,2,2245,103,Ingredient,KGS,0.1,3,1.56,65.5,0,6.55,0.103,6.7465,12-Dec-2015 04:36:03 PM,12-Dec-2015 04:36:03 PM,FIZZA NAEEM,FIZZA NAEEM
116517,005600 -0000 -F30/124,27,BPPL ECON EMUL - WHITE,3,6139495,103,Ingredient,KGS,0.5,3,1.56,126.69,0,63.345,0.515,65.24535,12-Dec-2015 04:36:03 PM,09-Nov-2020 08:46:01 AM,FIZZA NAEEM,FIZZA NAEEM
116517,005600 -0000 -F30/124,27,BPPL ECON EMUL - WHITE,4,28,103,Ingredient,KGS,0.4,3,1.56,404.3,0,161.72,0.412,166.5716,12-Dec-2015 04:36:03 PM,28-Sept-2021 03:07:03 PM,FIZZA NAEEM,FIZZA NAEEM
116517,005600 -0000 -F30/124,27,BPPL ECON EMUL - WHITE,5,154,103,Ingredient,KGS,0.3,3,1.56,101.22,0,30.366,0.309,31.27698,12-Dec-2015 04:36:03 PM,12-Dec-2015 04:36:03 PM,FIZZA NAEEM,FIZZA NAEEM
116517,005600 -0000 -F30/124,27,BPPL ECON EMUL - WHITE,6,30,103,Ingredient,KGS,0.05,3,1.56,183.73,0,9.1865,0.0515,9.462095,12-Dec-2015 04:36:03 PM,12-Dec-2015 04:36:03 PM,FIZZA NAEEM,FIZZA NAEEM
116517,005600 -0000 -F30/124,27,BPPL ECON EMUL - WHITE,7,6156541,103,Ingredient,KGS,0.53,3,1.56,539.43,0,285.8979,0.5459,294.474837,12-Dec-2015 04:36:03 PM,08-Jun-2021 10:15:02 AM,FIZZA NAEEM,FIZZA NAEEM
116517,005600 -0000 -F30/124,27,BPPL ECON EMUL - WHITE,8,1052,103,Ingredient,KGS,21,3,1.56,17.54,0,368.34,21.63,379.3902,12-Dec-2015 04:36:03 PM,12-Dec-2015 04:36:03 PM,FIZZA NAEEM,FIZZA NAEEM
116517,005600 -0000 -F30/124,27,BPPL ECON EMUL - WHITE,9,1002,103,Ingredient,KGS,29.37,3,1.56,7.6,0,223.212,30.2511,229.90836,12-Dec-2015 04:36:03 PM,12-Dec-2015 04:36:03 PM,FIZZA NAEEM,FIZZA NAEEM
116517,005600 -0000 -F30/124,27,BPPL ECON EMUL - WHITE,10,1001,103,Ingredient,KGS,10,3,1.56,21.21,0,212.1,10.3,218.463,12-Dec-2015 04:36:03 PM,12-Dec-2015 04:36:03 PM,FIZZA NAEEM,FIZZA NAEEM
116517,005600 -0000 -F30/124,27,BPPL ECON EMUL - WHITE,11,2240,103,Ingredient,KGS,6.5,3,1.56,0.01,0,0.065,6.695,0.06695,12-Dec-2015 04:36:03 PM,12-Dec-2015 04:36:03 PM,FIZZA NAEEM,FIZZA NAEEM
116517,005600 -0000 -F30/124,27,BPPL ECON EMUL - WHITE,12,6197559,103,Ingredient,KGS,0.6,3,1.56,1176.93,0,706.158,0.618,727.34274,12-Dec-2015 04:36:03 PM,05-Jun-2021 10:35:59 AM,FIZZA NAEEM,FIZZA NAEEM
116517,005600 -0000 -F30/124,27,BPPL ECON EMUL - WHITE,13,285,103,Ingredient,KGS,0.25,3,1.56,159.97,0,39.9925,0.2575,41.192275,12-Dec-2015 04:36:03 PM,21-Mar-2016 12:34:46 PM,FIZZA NAEEM,FIZZA NAEEM
116517,005600 -0000 -F30/124,27,BPPL ECON EMUL - WHITE,14,6121501,103,Ingredient,KGS,2,3,1.56,138.81,0,277.62,2.06,285.9486,12-Dec-2015 04:36:03 PM,06-Jan-2022 12:31:01 PM,FIZZA NAEEM,AKHTAR ALI
116517,005600 -0000 -F30/124,27,BPPL ECON EMUL - WHITE,15,1190,103,Ingredient,KGS,0.1,3,1.56,140.44,0,14.044,0.103,14.46532,12-Dec-2015 04:36:03 PM,12-Dec-2015 04:36:03 PM,FIZZA NAEEM,FIZZA NAEEM
116517,005600 -0000 -F30/124,27,BPPL ECON EMUL - WHITE,16,46242,103,Ingredient,KGS,0,3,1.56,348.24,0,0,0,0,12-Dec-2015 04:36:03 PM,07-Nov-2019 03:46:12 PM,FIZZA NAEEM,USMAN IBRAHIM
116517,005600 -0000 -F30/124,27,BPPL ECON EMUL - WHITE,17,2240,103,Ingredient,KGS,0.5,3,1.56,0.01,0,0.005,0.515,0.00515,12-Dec-2015 04:36:03 PM,12-Dec-2015 04:36:03 PM,FIZZA NAEEM,FIZZA NAEEM
116517,005600 -0000 -F30/124,27,BPPL ECON EMUL - WHITE,18,4543850,103,Ingredient,KGS,6,3,1.56,84.81,0,508.86,6.18,524.1258,12-Dec-2015 04:36:03 PM,12-Dec-2015 04:36:03 PM,FIZZA NAEEM,FIZZA NAEEM
116517,005600 -0000 -F30/124,27,BPPL ECON EMUL - WHITE,19,2240,103,Ingredient,KGS,2.6,3,1.56,0.01,0,0.026,2.678,0.02678,12-Dec-2015 04:36:03 PM,12-Dec-2015 04:36:03 PM,FIZZA NAEEM,FIZZA NAEEM
117061,005600 -0000 -F30/144,28,BPPL ECON EMUL - WHITE,1,2240,103,Ingredient,KGS,19,3,1.56,0.01,0,0.19,19.57,0.1957,14-Jan-2016 08:34:02 AM,14-Jan-2016 08:34:02 AM,USMAN IBRAHIM,USMAN IBRAHIM
117061,005600 -0000 -F30/144,28,BPPL ECON EMUL - WHITE,1,82119,103,Product,KGS,100,3,1.56,23.31,24.0093,2331,103,2400.93,14-Jan-2016 08:34:02 AM,14-Jan-2016 08:34:02 AM,USMAN IBRAHIM,USMAN IBRAHIM
117061,005600 -0000 -F30/144,28,BPPL ECON EMUL - WHITE,2,2245,103,Ingredient,KGS,0.1,3,1.56,67.84,0,6.784,0.103,6.98752,14-Jan-2016 08:34:02 AM,14-Jan-2016 08:34:02 AM,USMAN IBRAHIM,USMAN IBRAHIM
117061,005600 -0000 -F30/144,28,BPPL ECON EMUL - WHITE,3,6139495,103,Ingredient,KGS,0.5,3,1.56,126.69,0,63.345,0.515,65.24535,14-Jan-2016 08:34:02 AM,09-Nov-2020 08:46:04 AM,USMAN IBRAHIM,FIZZA NAEEM
117061,005600 -0000 -F30/144,28,BPPL ECON EMUL - WHITE,4,28,103,Ingredient,KGS,0.4,3,1.56,404.3,0,161.72,0.412,166.5716,14-Jan-2016 08:34:02 AM,28-Sept-2021 03:07:03 PM,USMAN IBRAHIM,FIZZA NAEEM
117061,005600 -0000 -F30/144,28,BPPL ECON EMUL - WHITE,5,154,103,Ingredient,KGS,0.3,3,1.56,99.85,0,29.955,0.309,30.85365,14-Jan-2016 08:34:02 AM,14-Jan-2016 08:34:02 AM,USMAN IBRAHIM,USMAN IBRAHIM
117061,005600 -0000 -F30/144,28,BPPL ECON EMUL - WHITE,6,30,103,Ingredient,KGS,0.05,3,1.56,182.34,0,9.117,0.0515,9.39051,14-Jan-2016 08:34:02 AM,14-Jan-2016 08:34:02 AM,USMAN IBRAHIM,USMAN IBRAHIM
117061,005600 -0000 -F30/144,28,BPPL ECON EMUL - WHITE,7,6156541,103,Ingredient,KGS,0.53,3,1.56,539.43,0,285.8979,0.5459,294.474837,14-Jan-2016 08:34:02 AM,08-Jun-2021 10:15:02 AM,USMAN IBRAHIM,FIZZA NAEEM
117061,005600 -0000 -F30/144,28,BPPL ECON EMUL - WHITE,8,1052,103,Ingredient,KGS,21,3,1.56,17.49,0,367.29,21.63,378.3087,14-Jan-2016 08:34:02 AM,14-Jan-2016 08:34:02 AM,USMAN IBRAHIM,USMAN IBRAHIM
117061,005600 -0000 -F30/144,28,BPPL ECON EMUL - WHITE,9,1002,103,Ingredient,KGS,29.37,3,1.56,7.64,0,224.3868,30.2511,231.118404,14-Jan-2016 08:34:02 AM,14-Jan-2016 08:34:02 AM,USMAN IBRAHIM,USMAN IBRAHIM
117061,005600 -0000 -F30/144,28,BPPL ECON EMUL - WHITE,10,1001,103,Ingredient,KGS,10,3,1.56,21.21,0,212.1,10.3,218.463,14-Jan-2016 08:34:02 AM,14-Jan-2016 08:34:02 AM,USMAN IBRAHIM,USMAN IBRAHIM
117061,005600 -0000 -F30/144,28,BPPL ECON EMUL - WHITE,11,2240,103,Ingredient,KGS,6.5,3,1.56,0.01,0,0.065,6.695,0.06695,14-Jan-2016 08:34:02 AM,14-Jan-2016 08:34:02 AM,USMAN IBRAHIM,USMAN IBRAHIM
117061,005600 -0000 -F30/144,28,BPPL ECON EMUL - WHITE,12,6197559,103,Ingredient,KGS,0.6,3,1.56,1176.93,0,706.158,0.618,727.34274,14-Jan-2016 08:34:02 AM,05-Jun-2021 11:44:31 AM,USMAN IBRAHIM,FIZZA NAEEM
117061,005600 -0000 -F30/144,28,BPPL ECON EMUL - WHITE,13,283,103,Ingredient,KGS,0.25,3,1.56,186.85,0,46.7125,0.2575,48.113875,14-Jan-2016 08:34:02 AM,14-Jan-2016 08:34:02 AM,USMAN IBRAHIM,USMAN IBRAHIM
117061,005600 -0000 -F30/144,28,BPPL ECON EMUL - WHITE,14,6121501,103,Ingredient,KGS,2,3,1.56,138.81,0,277.62,2.06,285.9486,14-Jan-2016 08:34:02 AM,06-Jan-2022 12:30:59 PM,USMAN IBRAHIM,AKHTAR ALI
117061,005600 -0000 -F30/144,28,BPPL ECON EMUL - WHITE,15,1190,103,Ingredient,KGS,0.1,3,1.56,132.84,0,13.284,0.103,13.68252,14-Jan-2016 08:34:02 AM,14-Jan-2016 08:34:02 AM,USMAN IBRAHIM,USMAN IBRAHIM
117061,005600 -0000 -F30/144,28,BPPL ECON EMUL - WHITE,16,46242,103,Ingredient,KGS,0,3,1.56,348.24,0,0,0,0,14-Jan-2016 08:34:02 AM,07-Nov-2019 03:46:14 PM,USMAN IBRAHIM,USMAN IBRAHIM
117061,005600 -0000 -F30/144,28,BPPL ECON EMUL - WHITE,17,2240,103,Ingredient,KGS,0.5,3,1.56,0.01,0,0.005,0.515,0.00515,14-Jan-2016 08:34:02 AM,14-Jan-2016 08:34:02 AM,USMAN IBRAHIM,USMAN IBRAHIM
117061,005600 -0000 -F30/144,28,BPPL ECON EMUL - WHITE,18,4543850,103,Ingredient,KGS,6.5,3,1.56,82.84,0,538.46,6.695,554.6138,14-Jan-2016 08:34:02 AM,14-Jan-2016 08:34:02 AM,USMAN IBRAHIM,USMAN IBRAHIM
117061,005600 -0000 -F30/144,28,BPPL ECON EMUL - WHITE,19,2240,103,Ingredient,KGS,2.1,3,1.56,0.01,0,0.021,2.163,0.02163,14-Jan-2016 08:34:02 AM,14-Jan-2016 08:34:02 AM,USMAN IBRAHIM,USMAN IBRAHIM
117678,005600 -0000 -F30/ 171,28,BPPL ECON EMUL - WHITE,1,82119,103,Product,KGS,100,3,1.56,23.08,23.7724,2308,103,2377.24,24-Feb-2016 01:53:10 PM,24-Feb-2016 01:53:10 PM,USMAN IBRAHIM,USMAN IBRAHIM
117678,005600 -0000 -F30/ 171,28,BPPL ECON EMUL - WHITE,1,2240,103,Ingredient,KGS,19,3,1.56,0.01,0,0.19,19.57,0.1957,24-Feb-2016 01:53:10 PM,24-Feb-2016 01:53:10 PM,USMAN IBRAHIM,USMAN IBRAHIM
117678,005600 -0000 -F30/ 171,28,BPPL ECON EMUL - WHITE,2,2245,103,Ingredient,KGS,0.1,3,1.56,68.43,0,6.843,0.103,7.04829,24-Feb-2016 01:53:10 PM,24-Feb-2016 01:53:10 PM,USMAN IBRAHIM,USMAN IBRAHIM
117678,005600 -0000 -F30/ 171,28,BPPL ECON EMUL - WHITE,3,6139495,103,Ingredient,KGS,0.5,3,1.56,126.69,0,63.345,0.515,65.24535,24-Feb-2016 01:53:10 PM,09-Nov-2020 08:46:04 AM,USMAN IBRAHIM,FIZZA NAEEM
117678,005600 -0000 -F30/ 171,28,BPPL ECON EMUL - WHITE,4,28,103,Ingredient,KGS,0.4,3,1.56,404.3,0,161.72,0.412,166.5716,24-Feb-2016 01:53:10 PM,28-Sept-2021 03:07:03 PM,USMAN IBRAHIM,FIZZA NAEEM
117678,005600 -0000 -F30/ 171,28,BPPL ECON EMUL - WHITE,5,154,103,Ingredient,KGS,0.3,3,1.56,97.63,0,29.289,0.309,30.16767,24-Feb-2016 01:53:10 PM,24-Feb-2016 01:53:10 PM,USMAN IBRAHIM,USMAN IBRAHIM
117678,005600 -0000 -F30/ 171,28,BPPL ECON EMUL - WHITE,6,30,103,Ingredient,KGS,0.05,3,1.56,181.91,0,9.0955,0.0515,9.368365,24-Feb-2016 01:53:10 PM,24-Feb-2016 01:53:10 PM,USMAN IBRAHIM,USMAN IBRAHIM
117678,005600 -0000 -F30/ 171,28,BPPL ECON EMUL - WHITE,7,6156541,103,Ingredient,KGS,0.53,3,1.56,539.43,0,285.8979,0.5459,294.474837,24-Feb-2016 01:53:10 PM,08-Jun-2021 10:15:02 AM,USMAN IBRAHIM,FIZZA NAEEM
117678,005600 -0000 -F30/ 171,28,BPPL ECON EMUL - WHITE,8,1052,103,Ingredient,KGS,21,3,1.56,17.45,0,366.45,21.63,377.4435,24-Feb-2016 01:53:10 PM,24-Feb-2016 01:53:10 PM,USMAN IBRAHIM,USMAN IBRAHIM
117678,005600 -0000 -F30/ 171,28,BPPL ECON EMUL - WHITE,9,1002,103,Ingredient,KGS,29.37,3,1.56,7.73,0,227.0301,30.2511,233.841003,24-Feb-2016 01:53:10 PM,24-Feb-2016 01:53:10 PM,USMAN IBRAHIM,USMAN IBRAHIM
117678,005600 -0000 -F30/ 171,28,BPPL ECON EMUL - WHITE,10,1001,103,Ingredient,KGS,10,3,1.56,21.21,0,212.1,10.3,218.463,24-Feb-2016 01:53:10 PM,24-Feb-2016 01:53:10 PM,USMAN IBRAHIM,USMAN IBRAHIM
117678,005600 -0000 -F30/ 171,28,BPPL ECON EMUL - WHITE,11,2240,103,Ingredient,KGS,6.5,3,1.56,0.01,0,0.065,6.695,0.06695,24-Feb-2016 01:53:10 PM,24-Feb-2016 01:53:10 PM,USMAN IBRAHIM,USMAN IBRAHIM
117678,005600 -0000 -F30/ 171,28,BPPL ECON EMUL - WHITE,12,6197559,103,Ingredient,KGS,0.6,3,1.56,1176.93,0,706.158,0.618,727.34274,24-Feb-2016 01:53:10 PM,05-Jun-2021 11:44:31 AM,USMAN IBRAHIM,FIZZA NAEEM
117678,005600 -0000 -F30/ 171,28,BPPL ECON EMUL - WHITE,13,283,103,Ingredient,KGS,0.25,3,1.56,186.85,0,46.7125,0.2575,48.113875,24-Feb-2016 01:53:10 PM,24-Feb-2016 01:53:10 PM,USMAN IBRAHIM,USMAN IBRAHIM
117678,005600 -0000 -F30/ 171,28,BPPL ECON EMUL - WHITE,14,6121501,103,Ingredient,KGS,2,3,1.56,138.81,0,277.62,2.06,285.9486,24-Feb-2016 01:53:10 PM,06-Jan-2022 12:30:59 PM,USMAN IBRAHIM,AKHTAR ALI
117678,005600 -0000 -F30/ 171,28,BPPL ECON EMUL - WHITE,15,1190,103,Ingredient,KGS,0.1,3,1.56,145.6,0,14.56,0.103,14.9968,24-Feb-2016 01:53:10 PM,24-Feb-2016 01:53:10 PM,USMAN IBRAHIM,USMAN IBRAHIM
117678,005600 -0000 -F30/ 171,28,BPPL ECON EMUL - WHITE,16,46242,103,Ingredient,KGS,0,3,1.56,348.24,0,0,0,0,24-Feb-2016 01:53:11 PM,07-Nov-2019 03:46:14 PM,USMAN IBRAHIM,USMAN IBRAHIM
117678,005600 -0000 -F30/ 171,28,BPPL ECON EMUL - WHITE,17,2240,103,Ingredient,KGS,0.5,3,1.56,0.01,0,0.005,0.515,0.00515,24-Feb-2016 01:53:11 PM,24-Feb-2016 01:53:11 PM,USMAN IBRAHIM,USMAN IBRAHIM
117678,005600 -0000 -F30/ 171,28,BPPL ECON EMUL - WHITE,18,4543850,103,Ingredient,KGS,6.5,3,1.56,78.11,0,507.715,6.695,522.94645,24-Feb-2016 01:53:11 PM,24-Feb-2016 01:53:11 PM,USMAN IBRAHIM,USMAN IBRAHIM
117678,005600 -0000 -F30/ 171,28,BPPL ECON EMUL - WHITE,19,2240,103,Ingredient,KGS,2.1,3,1.56,0.01,0,0.021,2.163,0.02163,24-Feb-2016 01:53:11 PM,24-Feb-2016 01:53:11 PM,USMAN IBRAHIM,USMAN IBRAHIM
117699,005600 -0000 -F30/ 178,1,BPPL ECON EMUL - WHITE,1,82119,103,Product,KGS,100,3,1.56,23.08,23.7724,2308,103,2377.24,25-Feb-2016 06:20:34 PM,25-Feb-2016 06:20:34 PM,FIZZA NAEEM,FIZZA NAEEM
117699,005600 -0000 -F30/ 178,1,BPPL ECON EMUL - WHITE,1,2240,103,Ingredient,KGS,19,3,1.56,0.01,0,0.19,19.57,0.1957,25-Feb-2016 06:20:34 PM,25-Feb-2016 06:20:34 PM,FIZZA NAEEM,FIZZA NAEEM
117699,005600 -0000 -F30/ 178,1,BPPL ECON EMUL - WHITE,2,2245,103,Ingredient,KGS,0.1,3,1.56,68.43,0,6.843,0.103,7.04829,25-Feb-2016 06:20:34 PM,25-Feb-2016 06:20:34 PM,FIZZA NAEEM,FIZZA NAEEM
117699,005600 -0000 -F30/ 178,1,BPPL ECON EMUL - WHITE,3,6139495,103,Ingredient,KGS,0.5,3,1.56,126.69,0,63.345,0.515,65.24535,25-Feb-2016 06:20:34 PM,09-Nov-2020 08:46:02 AM,FIZZA NAEEM,FIZZA NAEEM
117699,005600 -0000 -F30/ 178,1,BPPL ECON EMUL - WHITE,4,28,103,Ingredient,KGS,0.4,3,1.56,404.3,0,161.72,0.412,166.5716,25-Feb-2016 06:20:34 PM,28-Sept-2021 03:07:03 PM,FIZZA NAEEM,FIZZA NAEEM
117699,005600 -0000 -F30/ 178,1,BPPL ECON EMUL - WHITE,5,154,103,Ingredient,KGS,0.3,3,1.56,97.63,0,29.289,0.309,30.16767,25-Feb-2016 06:20:34 PM,25-Feb-2016 06:20:34 PM,FIZZA NAEEM,FIZZA NAEEM
117699,005600 -0000 -F30/ 178,1,BPPL ECON EMUL - WHITE,6,30,103,Ingredient,KGS,0.05,3,1.56,181.91,0,9.0955,0.0515,9.368365,25-Feb-2016 06:20:34 PM,25-Feb-2016 06:20:34 PM,FIZZA NAEEM,FIZZA NAEEM
117699,005600 -0000 -F30/ 178,1,BPPL ECON EMUL - WHITE,7,6156541,103,Ingredient,KGS,0.53,3,1.56,539.43,0,285.8979,0.5459,294.474837,25-Feb-2016 06:20:34 PM,08-Jun-2021 10:15:02 AM,FIZZA NAEEM,FIZZA NAEEM
117699,005600 -0000 -F30/ 178,1,BPPL ECON EMUL - WHITE,8,1052,103,Ingredient,KGS,21,3,1.56,17.45,0,366.45,21.63,377.4435,25-Feb-2016 06:20:34 PM,25-Feb-2016 06:20:34 PM,FIZZA NAEEM,FIZZA NAEEM
117699,005600 -0000 -F30/ 178,1,BPPL ECON EMUL - WHITE,9,1002,103,Ingredient,KGS,29.37,3,1.56,7.73,0,227.0301,30.2511,233.841003,25-Feb-2016 06:20:34 PM,25-Feb-2016 06:20:34 PM,FIZZA NAEEM,FIZZA NAEEM
117699,005600 -0000 -F30/ 178,1,BPPL ECON EMUL - WHITE,10,1001,103,Ingredient,KGS,10,3,1.56,21.21,0,212.1,10.3,218.463,25-Feb-2016 06:20:34 PM,25-Feb-2016 06:20:34 PM,FIZZA NAEEM,FIZZA NAEEM
117699,005600 -0000 -F30/ 178,1,BPPL ECON EMUL - WHITE,11,2240,103,Ingredient,KGS,6.5,3,1.56,0.01,0,0.065,6.695,0.06695,25-Feb-2016 06:20:34 PM,25-Feb-2016 06:20:34 PM,FIZZA NAEEM,FIZZA NAEEM
117699,005600 -0000 -F30/ 178,1,BPPL ECON EMUL - WHITE,12,6197559,103,Ingredient,KGS,0.6,3,1.56,1176.93,0,706.158,0.618,727.34274,25-Feb-2016 06:20:34 PM,05-Jun-2021 11:02:46 AM,FIZZA NAEEM,FIZZA NAEEM
117699,005600 -0000 -F30/ 178,1,BPPL ECON EMUL - WHITE,13,285,103,Ingredient,KGS,0.25,3,1.56,159.97,0,39.9925,0.2575,41.192275,25-Feb-2016 06:20:34 PM,21-Mar-2016 12:03:05 PM,FIZZA NAEEM,FIZZA NAEEM
117699,005600 -0000 -F30/ 178,1,BPPL ECON EMUL - WHITE,14,6121501,103,Ingredient,KGS,2,3,1.56,138.81,0,277.62,2.06,285.9486,25-Feb-2016 06:20:34 PM,06-Jan-2022 12:31:02 PM,FIZZA NAEEM,AKHTAR ALI
117699,005600 -0000 -F30/ 178,1,BPPL ECON EMUL - WHITE,15,1190,103,Ingredient,KGS,0.1,3,1.56,145.6,0,14.56,0.103,14.9968,25-Feb-2016 06:20:34 PM,25-Feb-2016 06:20:34 PM,FIZZA NAEEM,FIZZA NAEEM
117699,005600 -0000 -F30/ 178,1,BPPL ECON EMUL - WHITE,16,46242,103,Ingredient,KGS,0,3,1.56,348.24,0,0,0,0,25-Feb-2016 06:20:34 PM,07-Nov-2019 03:46:12 PM,FIZZA NAEEM,USMAN IBRAHIM
117699,005600 -0000 -F30/ 178,1,BPPL ECON EMUL - WHITE,17,2240,103,Ingredient,KGS,0.5,3,1.56,0.01,0,0.005,0.515,0.00515,25-Feb-2016 06:20:34 PM,25-Feb-2016 06:20:34 PM,FIZZA NAEEM,FIZZA NAEEM
117699,005600 -0000 -F30/ 178,1,BPPL ECON EMUL - WHITE,18,4543850,103,Ingredient,KGS,6.5,3,1.56,78.11,0,507.715,6.695,522.94645,25-Feb-2016 06:20:34 PM,25-Feb-2016 06:20:34 PM,FIZZA NAEEM,FIZZA NAEEM
117699,005600 -0000 -F30/ 178,1,BPPL ECON EMUL - WHITE,19,2240,103,Ingredient,KGS,2.1,3,1.56,0.01,0,0.021,2.163,0.02163,25-Feb-2016 06:20:34 PM,21-Mar-2016 12:03:05 PM,FIZZA NAEEM,FIZZA NAEEM
118782,005600 -0000 -F31/ 67,28,BPPL ECON EMUL - WHITE,1,2240,103,Ingredient,KGS,16,3,1.56,0.01,0,0.16,16.48,0.1648,04-Apr-2016 11:28:48 AM,04-Apr-2016 11:28:48 AM,USMAN IBRAHIM,USMAN IBRAHIM
118782,005600 -0000 -F31/ 67,28,BPPL ECON EMUL - WHITE,1,82119,103,Product,KGS,100,3,1.56,26.82,27.6246,2682,103,2762.46,04-Apr-2016 11:28:48 AM,04-Apr-2016 02:33:22 PM,USMAN IBRAHIM,USMAN IBRAHIM
118782,005600 -0000 -F31/ 67,28,BPPL ECON EMUL - WHITE,2,2240,103,Ingredient,KGS,3,3,1.56,0.01,0,0.03,3.09,0.0309,04-Apr-2016 11:28:48 AM,04-Apr-2016 11:28:48 AM,USMAN IBRAHIM,USMAN IBRAHIM
118782,005600 -0000 -F31/ 67,28,BPPL ECON EMUL - WHITE,3,46242,103,Ingredient,KGS,0,3,1.56,348.24,0,0,0,0,04-Apr-2016 11:28:48 AM,07-Nov-2019 03:46:13 PM,USMAN IBRAHIM,USMAN IBRAHIM
118782,005600 -0000 -F31/ 67,28,BPPL ECON EMUL - WHITE,4,1190,103,Ingredient,KGS,0.05,3,1.56,132.88,0,6.644,0.0515,6.84332,04-Apr-2016 11:28:48 AM,04-Apr-2016 11:28:48 AM,USMAN IBRAHIM,USMAN IBRAHIM
118782,005600 -0000 -F31/ 67,28,BPPL ECON EMUL - WHITE,5,2245,103,Ingredient,KGS,0.1,3,1.56,68.64,0,6.864,0.103,7.06992,04-Apr-2016 11:28:48 AM,04-Apr-2016 11:28:48 AM,USMAN IBRAHIM,USMAN IBRAHIM
118782,005600 -0000 -F31/ 67,28,BPPL ECON EMUL - WHITE,6,6139495,103,Ingredient,KGS,0.5,3,1.56,126.69,0,63.345,0.515,65.24535,04-Apr-2016 11:28:48 AM,09-Nov-2020 08:46:03 AM,USMAN IBRAHIM,FIZZA NAEEM
118782,005600 -0000 -F31/ 67,28,BPPL ECON EMUL - WHITE,7,28,103,Ingredient,KGS,0.25,3,1.56,404.3,0,101.075,0.2575,104.10725,04-Apr-2016 11:28:48 AM,28-Sept-2021 03:07:03 PM,USMAN IBRAHIM,FIZZA NAEEM
118782,005600 -0000 -F31/ 67,28,BPPL ECON EMUL - WHITE,8,154,103,Ingredient,KGS,0.3,3,1.56,96,0,28.8,0.309,29.664,04-Apr-2016 11:28:48 AM,04-Apr-2016 11:28:48 AM,USMAN IBRAHIM,USMAN IBRAHIM
118782,005600 -0000 -F31/ 67,28,BPPL ECON EMUL - WHITE,9,30,103,Ingredient,KGS,0.05,3,1.56,181.25,0,9.0625,0.0515,9.334375,04-Apr-2016 11:28:48 AM,04-Apr-2016 11:28:48 AM,USMAN IBRAHIM,USMAN IBRAHIM
118782,005600 -0000 -F31/ 67,28,BPPL ECON EMUL - WHITE,10,6156541,103,Ingredient,KGS,0.53,3,1.56,539.43,0,285.8979,0.5459,294.474837,04-Apr-2016 11:28:48 AM,08-Jun-2021 10:15:00 AM,USMAN IBRAHIM,FIZZA NAEEM
118782,005600 -0000 -F31/ 67,28,BPPL ECON EMUL - WHITE,11,1052,103,Ingredient,KGS,21,3,1.56,17.09,0,358.89,21.63,369.6567,04-Apr-2016 11:28:48 AM,04-Apr-2016 11:28:48 AM,USMAN IBRAHIM,USMAN IBRAHIM
118782,005600 -0000 -F31/ 67,28,BPPL ECON EMUL - WHITE,12,1002,103,Ingredient,KGS,29.37,3,1.56,7.88,0,231.4356,30.2511,238.378668,04-Apr-2016 11:28:48 AM,04-Apr-2016 11:28:48 AM,USMAN IBRAHIM,USMAN IBRAHIM
118782,005600 -0000 -F31/ 67,28,BPPL ECON EMUL - WHITE,13,1001,103,Ingredient,KGS,10,3,1.56,20.33,0,203.3,10.3,209.399,04-Apr-2016 11:28:48 AM,04-Apr-2016 11:28:48 AM,USMAN IBRAHIM,USMAN IBRAHIM
118782,005600 -0000 -F31/ 67,28,BPPL ECON EMUL - WHITE,14,2240,103,Ingredient,KGS,6.5,3,1.56,0.01,0,0.065,6.695,0.06695,04-Apr-2016 11:28:48 AM,04-Apr-2016 11:28:48 AM,USMAN IBRAHIM,USMAN IBRAHIM
118782,005600 -0000 -F31/ 67,28,BPPL ECON EMUL - WHITE,15,6197559,103,Ingredient,KGS,0.6,3,1.56,1176.93,0,706.158,0.618,727.34274,04-Apr-2016 11:28:48 AM,05-Jun-2021 10:35:59 AM,USMAN IBRAHIM,FIZZA NAEEM
118782,005600 -0000 -F31/ 67,28,BPPL ECON EMUL - WHITE,16,283,103,Ingredient,KGS,0.25,3,1.56,178.85,0,44.7125,0.2575,46.053875,04-Apr-2016 11:28:48 AM,04-Apr-2016 11:28:48 AM,USMAN IBRAHIM,USMAN IBRAHIM
118782,005600 -0000 -F31/ 67,28,BPPL ECON EMUL - WHITE,17,6121501,103,Ingredient,KGS,2,3,1.56,138.81,0,277.62,2.06,285.9486,04-Apr-2016 11:28:48 AM,06-Jan-2022 12:31:03 PM,USMAN IBRAHIM,AKHTAR ALI
118782,005600 -0000 -F31/ 67,28,BPPL ECON EMUL - WHITE,18,1190,103,Ingredient,KGS,0.1,3,1.56,132.88,0,13.288,0.103,13.68664,04-Apr-2016 11:28:48 AM,04-Apr-2016 11:28:48 AM,USMAN IBRAHIM,USMAN IBRAHIM
118782,005600 -0000 -F31/ 67,28,BPPL ECON EMUL - WHITE,19,46242,103,Ingredient,KGS,0,3,1.56,348.24,0,0,0,0,04-Apr-2016 11:28:48 AM,07-Nov-2019 03:46:13 PM,USMAN IBRAHIM,USMAN IBRAHIM
118782,005600 -0000 -F31/ 67,28,BPPL ECON EMUL - WHITE,20,2240,103,Ingredient,KGS,0.5,3,1.56,0.01,0,0.005,0.515,0.00515,04-Apr-2016 11:28:48 AM,04-Apr-2016 11:28:48 AM,USMAN IBRAHIM,USMAN IBRAHIM
118782,005600 -0000 -F31/ 67,28,BPPL ECON EMUL - WHITE,21,4543850,103,Ingredient,KGS,6,3,1.56,80.84,0,485.04,6.18,499.5912,04-Apr-2016 11:28:48 AM,04-Apr-2016 11:28:48 AM,USMAN IBRAHIM,USMAN IBRAHIM
118782,005600 -0000 -F31/ 67,28,BPPL ECON EMUL - WHITE,22,2240,103,Ingredient,KGS,2.75,3,1.56,0.01,0,0.0275,2.8325,0.028325,04-Apr-2016 11:28:48 AM,04-Apr-2016 12:36:01 PM,USMAN IBRAHIM,USMAN IBRAHIM
120354,005600 -0000 -F31/ 122,29,BPPL ECON EMUL - WHITE,1,82119,103,Product,KGS,100,3,1.56,21.55,22.1965,2155,103,2219.65,09-Jun-2016 07:43:07 AM,09-Jun-2016 07:43:07 AM,UMAR FAYYAZ,UMAR FAYYAZ
120354,005600 -0000 -F31/ 122,29,BPPL ECON EMUL - WHITE,1,2240,103,Ingredient,KGS,16,3,1.56,0.01,0,0.16,16.48,0.1648,09-Jun-2016 07:43:07 AM,09-Jun-2016 07:43:07 AM,UMAR FAYYAZ,UMAR FAYYAZ
120354,005600 -0000 -F31/ 122,29,BPPL ECON EMUL - WHITE,2,2240,103,Ingredient,KGS,3,3,1.56,0.01,0,0.03,3.09,0.0309,09-Jun-2016 07:43:07 AM,09-Jun-2016 07:43:07 AM,UMAR FAYYAZ,UMAR FAYYAZ
120354,005600 -0000 -F31/ 122,29,BPPL ECON EMUL - WHITE,3,46242,103,Ingredient,KGS,0,3,1.56,348.24,0,0,0,0,09-Jun-2016 07:43:07 AM,07-Nov-2019 03:46:14 PM,UMAR FAYYAZ,USMAN IBRAHIM
120354,005600 -0000 -F31/ 122,29,BPPL ECON EMUL - WHITE,4,1190,103,Ingredient,KGS,0.05,3,1.56,131.95,0,6.5975,0.0515,6.795425,09-Jun-2016 07:43:07 AM,09-Jun-2016 07:43:07 AM,UMAR FAYYAZ,UMAR FAYYAZ
120354,005600 -0000 -F31/ 122,29,BPPL ECON EMUL - WHITE,5,2245,103,Ingredient,KGS,0.1,3,1.56,68.66,0,6.866,0.103,7.07198,09-Jun-2016 07:43:07 AM,09-Jun-2016 07:43:07 AM,UMAR FAYYAZ,UMAR FAYYAZ
120354,005600 -0000 -F31/ 122,29,BPPL ECON EMUL - WHITE,6,6139495,103,Ingredient,KGS,0.5,3,1.56,126.69,0,63.345,0.515,65.24535,09-Jun-2016 07:43:07 AM,09-Nov-2020 08:46:04 AM,UMAR FAYYAZ,FIZZA NAEEM
120354,005600 -0000 -F31/ 122,29,BPPL ECON EMUL - WHITE,7,28,103,Ingredient,KGS,0.25,3,1.56,404.3,0,101.075,0.2575,104.10725,09-Jun-2016 07:43:07 AM,28-Sept-2021 03:07:03 PM,UMAR FAYYAZ,FIZZA NAEEM
120354,005600 -0000 -F31/ 122,29,BPPL ECON EMUL - WHITE,8,154,103,Ingredient,KGS,0.3,3,1.56,111.41,0,33.423,0.309,34.42569,09-Jun-2016 07:43:07 AM,09-Jun-2016 07:43:07 AM,UMAR FAYYAZ,UMAR FAYYAZ
120354,005600 -0000 -F31/ 122,29,BPPL ECON EMUL - WHITE,9,30,103,Ingredient,KGS,0.05,3,1.56,180.86,0,9.043,0.0515,9.31429,09-Jun-2016 07:43:07 AM,09-Jun-2016 07:43:07 AM,UMAR FAYYAZ,UMAR FAYYAZ
120354,005600 -0000 -F31/ 122,29,BPPL ECON EMUL - WHITE,10,6156541,103,Ingredient,KGS,0.53,3,1.56,539.43,0,285.8979,0.5459,294.474837,09-Jun-2016 07:43:07 AM,08-Jun-2021 10:15:02 AM,UMAR FAYYAZ,FIZZA NAEEM
120354,005600 -0000 -F31/ 122,29,BPPL ECON EMUL - WHITE,11,1052,103,Ingredient,KGS,21,3,1.56,17.53,0,368.13,21.63,379.1739,09-Jun-2016 07:43:07 AM,25-Aug-2021 10:31:36 AM,UMAR FAYYAZ,FIZZA NAEEM
120354,005600 -0000 -F31/ 122,29,BPPL ECON EMUL - WHITE,12,1002,103,Ingredient,KGS,29.37,3,1.56,7.74,0,227.3238,30.2511,234.143514,09-Jun-2016 07:43:07 AM,09-Jun-2016 07:43:07 AM,UMAR FAYYAZ,UMAR FAYYAZ
120354,005600 -0000 -F31/ 122,29,BPPL ECON EMUL - WHITE,13,1001,103,Ingredient,KGS,10,3,1.56,18.92,0,189.2,10.3,194.876,09-Jun-2016 07:43:07 AM,09-Jun-2016 07:43:07 AM,UMAR FAYYAZ,UMAR FAYYAZ
120354,005600 -0000 -F31/ 122,29,BPPL ECON EMUL - WHITE,14,2240,103,Ingredient,KGS,6.5,3,1.56,0.01,0,0.065,6.695,0.06695,09-Jun-2016 07:43:07 AM,09-Jun-2016 07:43:07 AM,UMAR FAYYAZ,UMAR FAYYAZ
120354,005600 -0000 -F31/ 122,29,BPPL ECON EMUL - WHITE,15,6197559,103,Ingredient,KGS,0.6,3,1.56,1176.93,0,706.158,0.618,727.34274,09-Jun-2016 07:43:07 AM,05-Jun-2021 11:44:31 AM,UMAR FAYYAZ,FIZZA NAEEM
120354,005600 -0000 -F31/ 122,29,BPPL ECON EMUL - WHITE,16,283,103,Ingredient,KGS,0.25,3,1.56,177.46,0,44.365,0.2575,45.69595,09-Jun-2016 07:43:07 AM,09-Jun-2016 07:43:07 AM,UMAR FAYYAZ,UMAR FAYYAZ
120354,005600 -0000 -F31/ 122,29,BPPL ECON EMUL - WHITE,17,6121501,103,Ingredient,KGS,2,3,1.56,138.81,0,277.62,2.06,285.9486,09-Jun-2016 07:43:07 AM,06-Jan-2022 12:30:59 PM,UMAR FAYYAZ,AKHTAR ALI
120354,005600 -0000 -F31/ 122,29,BPPL ECON EMUL - WHITE,18,1190,103,Ingredient,KGS,0.1,3,1.56,131.95,0,13.195,0.103,13.59085,09-Jun-2016 07:43:07 AM,09-Jun-2016 07:43:07 AM,UMAR FAYYAZ,UMAR FAYYAZ
120354,005600 -0000 -F31/ 122,29,BPPL ECON EMUL - WHITE,19,46242,103,Ingredient,KGS,0,3,1.56,348.24,0,0,0,0,09-Jun-2016 07:43:07 AM,07-Nov-2019 03:46:14 PM,UMAR FAYYAZ,USMAN IBRAHIM
120354,005600 -0000 -F31/ 122,29,BPPL ECON EMUL - WHITE,20,2240,103,Ingredient,KGS,0.5,3,1.56,0.01,0,0.005,0.515,0.00515,09-Jun-2016 07:43:07 AM,09-Jun-2016 07:43:07 AM,UMAR FAYYAZ,UMAR FAYYAZ
120354,005600 -0000 -F31/ 122,29,BPPL ECON EMUL - WHITE,21,4543850,103,Ingredient,KGS,6,3,1.56,80.1,0,480.6,6.18,495.018,09-Jun-2016 07:43:07 AM,09-Jun-2016 07:43:07 AM,UMAR FAYYAZ,UMAR FAYYAZ
120354,005600 -0000 -F31/ 122,29,BPPL ECON EMUL - WHITE,22,2240,103,Ingredient,KGS,2.75,3,1.56,0.01,0,0.0275,2.8325,0.028325,09-Jun-2016 07:43:07 AM,09-Jun-2016 07:43:07 AM,UMAR FAYYAZ,UMAR FAYYAZ
120656,005600 -0000 -F31/ 128,30,BPPL ECON EMUL - WHITE,1,82119,103,Product,KGS,100,3,1.56,21.55,22.1965,2155,103,2219.65,28-Jun-2016 09:21:04 AM,28-Jun-2016 09:21:04 AM,USMAN IBRAHIM,USMAN IBRAHIM
120656,005600 -0000 -F31/ 128,30,BPPL ECON EMUL - WHITE,1,2240,103,Ingredient,KGS,16,3,1.56,0.01,0,0.16,16.48,0.1648,28-Jun-2016 09:21:04 AM,28-Jun-2016 09:21:04 AM,USMAN IBRAHIM,USMAN IBRAHIM
120656,005600 -0000 -F31/ 128,30,BPPL ECON EMUL - WHITE,2,2240,103,Ingredient,KGS,3,3,1.56,0.01,0,0.03,3.09,0.0309,28-Jun-2016 09:21:04 AM,28-Jun-2016 09:21:04 AM,USMAN IBRAHIM,USMAN IBRAHIM
120656,005600 -0000 -F31/ 128,30,BPPL ECON EMUL - WHITE,3,46242,103,Ingredient,KGS,0,3,1.56,348.24,0,0,0,0,28-Jun-2016 09:21:04 AM,07-Nov-2019 03:46:15 PM,USMAN IBRAHIM,USMAN IBRAHIM
120656,005600 -0000 -F31/ 128,30,BPPL ECON EMUL - WHITE,4,1190,103,Ingredient,KGS,0.05,3,1.56,131.95,0,6.5975,0.0515,6.795425,28-Jun-2016 09:21:04 AM,28-Jun-2016 09:21:04 AM,USMAN IBRAHIM,USMAN IBRAHIM
120656,005600 -0000 -F31/ 128,30,BPPL ECON EMUL - WHITE,5,2245,103,Ingredient,KGS,0.1,3,1.56,68.66,0,6.866,0.103,7.07198,28-Jun-2016 09:21:04 AM,28-Jun-2016 09:21:04 AM,USMAN IBRAHIM,USMAN IBRAHIM
120656,005600 -0000 -F31/ 128,30,BPPL ECON EMUL - WHITE,6,6139495,103,Ingredient,KGS,0.5,3,1.56,126.69,0,63.345,0.515,65.24535,28-Jun-2016 09:21:04 AM,09-Nov-2020 08:46:02 AM,USMAN IBRAHIM,FIZZA NAEEM
120656,005600 -0000 -F31/ 128,30,BPPL ECON EMUL - WHITE,7,28,103,Ingredient,KGS,0.25,3,1.56,404.3,0,101.075,0.2575,104.10725,28-Jun-2016 09:21:04 AM,28-Sept-2021 03:07:03 PM,USMAN IBRAHIM,FIZZA NAEEM
120656,005600 -0000 -F31/ 128,30,BPPL ECON EMUL - WHITE,8,154,103,Ingredient,KGS,0.3,3,1.56,111.41,0,33.423,0.309,34.42569,28-Jun-2016 09:21:04 AM,28-Jun-2016 09:21:04 AM,USMAN IBRAHIM,USMAN IBRAHIM
120656,005600 -0000 -F31/ 128,30,BPPL ECON EMUL - WHITE,9,30,103,Ingredient,KGS,0.05,3,1.56,180.86,0,9.043,0.0515,9.31429,28-Jun-2016 09:21:04 AM,28-Jun-2016 09:21:04 AM,USMAN IBRAHIM,USMAN IBRAHIM
120656,005600 -0000 -F31/ 128,30,BPPL ECON EMUL - WHITE,10,6156541,103,Ingredient,KGS,0.53,3,1.56,539.43,0,285.8979,0.5459,294.474837,28-Jun-2016 09:21:04 AM,08-Jun-2021 10:15:02 AM,USMAN IBRAHIM,FIZZA NAEEM
120656,005600 -0000 -F31/ 128,30,BPPL ECON EMUL - WHITE,11,1052,103,Ingredient,KGS,21,3,1.56,17.53,0,368.13,21.63,379.1739,28-Jun-2016 09:21:04 AM,25-Aug-2021 10:31:36 AM,USMAN IBRAHIM,FIZZA NAEEM
120656,005600 -0000 -F31/ 128,30,BPPL ECON EMUL - WHITE,12,1002,103,Ingredient,KGS,29.37,3,1.56,7.74,0,227.3238,30.2511,234.143514,28-Jun-2016 09:21:04 AM,28-Jun-2016 09:21:04 AM,USMAN IBRAHIM,USMAN IBRAHIM
120656,005600 -0000 -F31/ 128,30,BPPL ECON EMUL - WHITE,13,1001,103,Ingredient,KGS,10,3,1.56,18.92,0,189.2,10.3,194.876,28-Jun-2016 09:21:04 AM,28-Jun-2016 09:21:04 AM,USMAN IBRAHIM,USMAN IBRAHIM
120656,005600 -0000 -F31/ 128,30,BPPL ECON EMUL - WHITE,14,2240,103,Ingredient,KGS,6.5,3,1.56,0.01,0,0.065,6.695,0.06695,28-Jun-2016 09:21:04 AM,28-Jun-2016 09:21:04 AM,USMAN IBRAHIM,USMAN IBRAHIM
120656,005600 -0000 -F31/ 128,30,BPPL ECON EMUL - WHITE,15,6197559,103,Ingredient,KGS,0.6,3,1.56,1176.93,0,706.158,0.618,727.34274,28-Jun-2016 09:21:04 AM,05-Jun-2021 11:02:46 AM,USMAN IBRAHIM,FIZZA NAEEM
120656,005600 -0000 -F31/ 128,30,BPPL ECON EMUL - WHITE,16,283,103,Ingredient,KGS,0.25,3,1.56,177.46,0,44.365,0.2575,45.69595,28-Jun-2016 09:21:04 AM,28-Jun-2016 09:21:04 AM,USMAN IBRAHIM,USMAN IBRAHIM
120656,005600 -0000 -F31/ 128,30,BPPL ECON EMUL - WHITE,17,6121501,103,Ingredient,KGS,2,3,1.56,138.81,0,277.62,2.06,285.9486,28-Jun-2016 09:21:04 AM,06-Jan-2022 12:31:02 PM,USMAN IBRAHIM,AKHTAR ALI
120656,005600 -0000 -F31/ 128,30,BPPL ECON EMUL - WHITE,18,1190,103,Ingredient,KGS,0.1,3,1.56,131.95,0,13.195,0.103,13.59085,28-Jun-2016 09:21:04 AM,28-Jun-2016 09:21:04 AM,USMAN IBRAHIM,USMAN IBRAHIM
120656,005600 -0000 -F31/ 128,30,BPPL ECON EMUL - WHITE,19,46242,103,Ingredient,KGS,0,3,1.56,348.24,0,0,0,0,28-Jun-2016 09:21:04 AM,07-Nov-2019 03:46:15 PM,USMAN IBRAHIM,USMAN IBRAHIM
120656,005600 -0000 -F31/ 128,30,BPPL ECON EMUL - WHITE,20,2240,103,Ingredient,KGS,0.5,3,1.56,0.01,0,0.005,0.515,0.00515,28-Jun-2016 09:21:04 AM,28-Jun-2016 09:21:04 AM,USMAN IBRAHIM,USMAN IBRAHIM
120656,005600 -0000 -F31/ 128,30,BPPL ECON EMUL - WHITE,22,2240,103,Ingredient,KGS,3.35,3,1.56,0.01,0,0.0335,3.4505,0.034505,28-Jun-2016 09:21:04 AM,28-Jun-2016 09:21:04 AM,USMAN IBRAHIM,USMAN IBRAHIM
120908,005600 -0000 -F31/ 141,29,BPPL ECON EMUL - WHITE,1,82119,103,Product,KGS,100,3,1.56,22.09,22.7527,2209,103,2275.27,15-Jul-2016 11:37:44 AM,15-Jul-2016 11:37:44 AM,UMAR FAYYAZ,UMAR FAYYAZ
120908,005600 -0000 -F31/ 141,29,BPPL ECON EMUL - WHITE,1,2240,103,Ingredient,KGS,16,3,1.56,0.01,0,0.16,16.48,0.1648,15-Jul-2016 11:37:44 AM,15-Jul-2016 11:37:44 AM,UMAR FAYYAZ,UMAR FAYYAZ
120908,005600 -0000 -F31/ 141,29,BPPL ECON EMUL - WHITE,2,2240,103,Ingredient,KGS,3,3,1.56,0.01,0,0.03,3.09,0.0309,15-Jul-2016 11:37:45 AM,15-Jul-2016 11:37:45 AM,UMAR FAYYAZ,UMAR FAYYAZ
120908,005600 -0000 -F31/ 141,29,BPPL ECON EMUL - WHITE,3,46242,103,Ingredient,KGS,0,3,1.56,348.24,0,0,0,0,15-Jul-2016 11:37:45 AM,07-Nov-2019 03:46:14 PM,UMAR FAYYAZ,USMAN IBRAHIM
120908,005600 -0000 -F31/ 141,29,BPPL ECON EMUL - WHITE,4,1190,103,Ingredient,KGS,0.05,3,1.56,131.95,0,6.5975,0.0515,6.795425,15-Jul-2016 11:37:45 AM,15-Jul-2016 11:37:45 AM,UMAR FAYYAZ,UMAR FAYYAZ
120908,005600 -0000 -F31/ 141,29,BPPL ECON EMUL - WHITE,5,2245,103,Ingredient,KGS,0.1,3,1.56,68.67,0,6.867,0.103,7.07301,15-Jul-2016 11:37:45 AM,15-Jul-2016 11:37:45 AM,UMAR FAYYAZ,UMAR FAYYAZ
120908,005600 -0000 -F31/ 141,29,BPPL ECON EMUL - WHITE,6,6139495,103,Ingredient,KGS,0.5,3,1.56,126.69,0,63.345,0.515,65.24535,15-Jul-2016 11:37:45 AM,09-Nov-2020 08:46:02 AM,UMAR FAYYAZ,FIZZA NAEEM
120908,005600 -0000 -F31/ 141,29,BPPL ECON EMUL - WHITE,7,28,103,Ingredient,KGS,0.25,3,1.56,404.3,0,101.075,0.2575,104.10725,15-Jul-2016 11:37:45 AM,28-Sept-2021 03:07:02 PM,UMAR FAYYAZ,FIZZA NAEEM
120908,005600 -0000 -F31/ 141,29,BPPL ECON EMUL - WHITE,8,154,103,Ingredient,KGS,0.3,3,1.56,111.41,0,33.423,0.309,34.42569,15-Jul-2016 11:37:45 AM,15-Jul-2016 11:37:45 AM,UMAR FAYYAZ,UMAR FAYYAZ
120908,005600 -0000 -F31/ 141,29,BPPL ECON EMUL - WHITE,9,30,103,Ingredient,KGS,0.05,3,1.56,180.86,0,9.043,0.0515,9.31429,15-Jul-2016 11:37:45 AM,15-Jul-2016 11:37:45 AM,UMAR FAYYAZ,UMAR FAYYAZ
120908,005600 -0000 -F31/ 141,29,BPPL ECON EMUL - WHITE,10,5269531,103,Ingredient,KGS,0.53,3,1.56,477.8,0,253.234,0.5459,260.83102,15-Jul-2016 11:37:45 AM,05-Aug-2019 02:13:00 PM,UMAR FAYYAZ,USMAN IBRAHIM
120908,005600 -0000 -F31/ 141,29,BPPL ECON EMUL - WHITE,11,1052,103,Ingredient,KGS,21,3,1.56,17.09,0,358.89,21.63,369.6567,15-Jul-2016 11:37:45 AM,15-Jul-2016 11:37:45 AM,UMAR FAYYAZ,UMAR FAYYAZ
120908,005600 -0000 -F31/ 141,29,BPPL ECON EMUL - WHITE,12,1002,103,Ingredient,KGS,29.37,3,1.56,7.79,0,228.7923,30.2511,235.656069,15-Jul-2016 11:37:45 AM,15-Jul-2016 11:37:45 AM,UMAR FAYYAZ,UMAR FAYYAZ
120908,005600 -0000 -F31/ 141,29,BPPL ECON EMUL - WHITE,13,1001,103,Ingredient,KGS,10,3,1.56,18.75,0,187.5,10.3,193.125,15-Jul-2016 11:37:45 AM,15-Jul-2016 11:37:45 AM,UMAR FAYYAZ,UMAR FAYYAZ
120908,005600 -0000 -F31/ 141,29,BPPL ECON EMUL - WHITE,14,2240,103,Ingredient,KGS,6.5,3,1.56,0.01,0,0.065,6.695,0.06695,15-Jul-2016 11:37:45 AM,15-Jul-2016 11:37:45 AM,UMAR FAYYAZ,UMAR FAYYAZ
120908,005600 -0000 -F31/ 141,29,BPPL ECON EMUL - WHITE,15,6197559,103,Ingredient,KGS,0.6,3,1.56,1176.93,0,706.158,0.618,727.34274,15-Jul-2016 11:37:45 AM,05-Jun-2021 11:02:46 AM,UMAR FAYYAZ,FIZZA NAEEM
120908,005600 -0000 -F31/ 141,29,BPPL ECON EMUL - WHITE,16,283,103,Ingredient,KGS,0.25,3,1.56,177.33,0,44.3325,0.2575,45.662475,15-Jul-2016 11:37:45 AM,15-Jul-2016 11:37:45 AM,UMAR FAYYAZ,UMAR FAYYAZ
120908,005600 -0000 -F31/ 141,29,BPPL ECON EMUL - WHITE,17,6121501,103,Ingredient,KGS,2,3,1.56,138.81,0,277.62,2.06,285.9486,15-Jul-2016 11:37:45 AM,06-Jan-2022 12:31:02 PM,UMAR FAYYAZ,AKHTAR ALI
120908,005600 -0000 -F31/ 141,29,BPPL ECON EMUL - WHITE,18,1190,103,Ingredient,KGS,0.1,3,1.56,131.95,0,13.195,0.103,13.59085,15-Jul-2016 11:37:45 AM,15-Jul-2016 11:37:45 AM,UMAR FAYYAZ,UMAR FAYYAZ
120908,005600 -0000 -F31/ 141,29,BPPL ECON EMUL - WHITE,19,46242,103,Ingredient,KGS,0,3,1.56,348.24,0,0,0,0,15-Jul-2016 11:37:45 AM,07-Nov-2019 03:46:14 PM,UMAR FAYYAZ,USMAN IBRAHIM
120908,005600 -0000 -F31/ 141,29,BPPL ECON EMUL - WHITE,20,2240,103,Ingredient,KGS,0.5,3,1.56,0.01,0,0.005,0.515,0.00515,15-Jul-2016 11:37:45 AM,15-Jul-2016 11:37:45 AM,UMAR FAYYAZ,UMAR FAYYAZ
120908,005600 -0000 -F31/ 141,29,BPPL ECON EMUL - WHITE,21,4543850,103,Ingredient,KGS,6,3,1.56,80.27,0,481.62,6.18,496.0686,15-Jul-2016 11:37:45 AM,15-Jul-2016 11:37:45 AM,UMAR FAYYAZ,UMAR FAYYAZ
120908,005600 -0000 -F31/ 141,29,BPPL ECON EMUL - WHITE,22,2240,103,Ingredient,KGS,2.75,3,1.56,0.01,0,0.0275,2.8325,0.028325,15-Jul-2016 11:37:45 AM,15-Jul-2016 11:37:45 AM,UMAR FAYYAZ,UMAR FAYYAZ
122479,005600 -0000 -F32/ 52,29,BPPL ECON EMUL - WHITE,1,2240,103,Ingredient,KGS,16,3,1.56,0.01,0,0.16,16.48,0.1648,25-Oct-2016 10:38:41 AM,25-Oct-2016 10:38:41 AM,USMAN IBRAHIM,USMAN IBRAHIM
122479,005600 -0000 -F32/ 52,29,BPPL ECON EMUL - WHITE,1,82119,103,Product,KGS,100,3,1.56,22.16,22.8248,2216,103,2282.48,25-Oct-2016 10:38:41 AM,25-Oct-2016 10:38:41 AM,USMAN IBRAHIM,USMAN IBRAHIM
122479,005600 -0000 -F32/ 52,29,BPPL ECON EMUL - WHITE,2,2240,103,Ingredient,KGS,3,3,1.56,0.01,0,0.03,3.09,0.0309,25-Oct-2016 10:38:41 AM,25-Oct-2016 10:38:41 AM,USMAN IBRAHIM,USMAN IBRAHIM
122479,005600 -0000 -F32/ 52,29,BPPL ECON EMUL - WHITE,3,46242,103,Ingredient,KGS,0,3,1.56,348.24,0,0,0,0,25-Oct-2016 10:38:41 AM,07-Nov-2019 03:46:13 PM,USMAN IBRAHIM,USMAN IBRAHIM
122479,005600 -0000 -F32/ 52,29,BPPL ECON EMUL - WHITE,4,1190,103,Ingredient,KGS,0.05,3,1.56,131.56,0,6.578,0.0515,6.77534,25-Oct-2016 10:38:41 AM,25-Oct-2016 10:38:41 AM,USMAN IBRAHIM,USMAN IBRAHIM
122479,005600 -0000 -F32/ 52,29,BPPL ECON EMUL - WHITE,5,2245,103,Ingredient,KGS,0.1,3,1.56,68.68,0,6.868,0.103,7.07404,25-Oct-2016 10:38:41 AM,25-Oct-2016 10:38:41 AM,USMAN IBRAHIM,USMAN IBRAHIM
122479,005600 -0000 -F32/ 52,29,BPPL ECON EMUL - WHITE,6,6139495,103,Ingredient,KGS,0.5,3,1.56,126.69,0,63.345,0.515,65.24535,25-Oct-2016 10:38:41 AM,09-Nov-2020 08:46:05 AM,USMAN IBRAHIM,FIZZA NAEEM
122479,005600 -0000 -F32/ 52,29,BPPL ECON EMUL - WHITE,7,28,103,Ingredient,KGS,0.25,3,1.56,404.3,0,101.075,0.2575,104.10725,25-Oct-2016 10:38:41 AM,28-Sept-2021 03:07:03 PM,USMAN IBRAHIM,FIZZA NAEEM
122479,005600 -0000 -F32/ 52,29,BPPL ECON EMUL - WHITE,8,154,103,Ingredient,KGS,0.3,3,1.56,96.97,0,29.091,0.309,29.96373,25-Oct-2016 10:38:41 AM,25-Oct-2016 10:38:41 AM,USMAN IBRAHIM,USMAN IBRAHIM
122479,005600 -0000 -F32/ 52,29,BPPL ECON EMUL - WHITE,9,30,103,Ingredient,KGS,0.05,3,1.56,180.8,0,9.04,0.0515,9.3112,25-Oct-2016 10:38:41 AM,25-Oct-2016 10:38:41 AM,USMAN IBRAHIM,USMAN IBRAHIM
122479,005600 -0000 -F32/ 52,29,BPPL ECON EMUL - WHITE,10,6156541,103,Ingredient,KGS,0.53,3,1.56,539.43,0,285.8979,0.5459,294.474837,25-Oct-2016 10:38:41 AM,08-Jun-2021 10:15:01 AM,USMAN IBRAHIM,FIZZA NAEEM
122479,005600 -0000 -F32/ 52,29,BPPL ECON EMUL - WHITE,11,1052,103,Ingredient,KGS,21,3,1.56,17.28,0,362.88,21.63,373.7664,25-Oct-2016 10:38:41 AM,25-Oct-2016 10:38:41 AM,USMAN IBRAHIM,USMAN IBRAHIM
122479,005600 -0000 -F32/ 52,29,BPPL ECON EMUL - WHITE,12,1002,103,Ingredient,KGS,29.37,3,1.56,7.86,0,230.8482,30.2511,237.773646,25-Oct-2016 10:38:41 AM,25-Oct-2016 10:38:41 AM,USMAN IBRAHIM,USMAN IBRAHIM
122479,005600 -0000 -F32/ 52,29,BPPL ECON EMUL - WHITE,13,1001,103,Ingredient,KGS,10,3,1.56,19.14,0,191.4,10.3,197.142,25-Oct-2016 10:38:41 AM,25-Oct-2016 10:38:41 AM,USMAN IBRAHIM,USMAN IBRAHIM
122479,005600 -0000 -F32/ 52,29,BPPL ECON EMUL - WHITE,14,2240,103,Ingredient,KGS,6.5,3,1.56,0.01,0,0.065,6.695,0.06695,25-Oct-2016 10:38:41 AM,25-Oct-2016 10:38:41 AM,USMAN IBRAHIM,USMAN IBRAHIM
122479,005600 -0000 -F32/ 52,29,BPPL ECON EMUL - WHITE,15,6197559,103,Ingredient,KGS,0.6,3,1.56,1176.93,0,706.158,0.618,727.34274,25-Oct-2016 10:38:41 AM,05-Jun-2021 11:15:04 AM,USMAN IBRAHIM,FIZZA NAEEM
122479,005600 -0000 -F32/ 52,29,BPPL ECON EMUL - WHITE,16,283,103,Ingredient,KGS,0.25,3,1.56,176.9,0,44.225,0.2575,45.55175,25-Oct-2016 10:38:41 AM,25-Oct-2016 10:38:41 AM,USMAN IBRAHIM,USMAN IBRAHIM
122479,005600 -0000 -F32/ 52,29,BPPL ECON EMUL - WHITE,17,6121501,103,Ingredient,KGS,2,3,1.56,138.81,0,277.62,2.06,285.9486,25-Oct-2016 10:38:41 AM,06-Jan-2022 12:31:00 PM,USMAN IBRAHIM,AKHTAR ALI
122479,005600 -0000 -F32/ 52,29,BPPL ECON EMUL - WHITE,18,1190,103,Ingredient,KGS,0.1,3,1.56,131.56,0,13.156,0.103,13.55068,25-Oct-2016 10:38:41 AM,25-Oct-2016 10:38:41 AM,USMAN IBRAHIM,USMAN IBRAHIM
122479,005600 -0000 -F32/ 52,29,BPPL ECON EMUL - WHITE,19,46242,103,Ingredient,KGS,0,3,1.56,348.24,0,0,0,0,25-Oct-2016 10:38:41 AM,07-Nov-2019 03:46:13 PM,USMAN IBRAHIM,USMAN IBRAHIM
122479,005600 -0000 -F32/ 52,29,BPPL ECON EMUL - WHITE,20,2240,103,Ingredient,KGS,0.5,3,1.56,0.01,0,0.005,0.515,0.00515,25-Oct-2016 10:38:41 AM,25-Oct-2016 10:38:41 AM,USMAN IBRAHIM,USMAN IBRAHIM
122479,005600 -0000 -F32/ 52,29,BPPL ECON EMUL - WHITE,21,4543850,103,Ingredient,KGS,6.5,3,1.56,79.54,0,517.01,6.695,532.5203,25-Oct-2016 10:38:41 AM,25-Oct-2016 10:38:41 AM,USMAN IBRAHIM,USMAN IBRAHIM
122479,005600 -0000 -F32/ 52,29,BPPL ECON EMUL - WHITE,22,2240,103,Ingredient,KGS,2.25,3,1.56,0.01,0,0.0225,2.3175,0.023175,25-Oct-2016 10:38:41 AM,25-Oct-2016 10:38:41 AM,USMAN IBRAHIM,USMAN IBRAHIM
123540,005600 -0000 -F32/ 71,30,BPPL ECON EMUL - WHITE,1,82119,103,Product,KGS,100,3,1.56,22.47,23.1441,2247,103,2314.41,03-Jan-2017 09:47:44 AM,03-Jan-2017 09:47:44 AM,USMAN IBRAHIM,USMAN IBRAHIM
123540,005600 -0000 -F32/ 71,30,BPPL ECON EMUL - WHITE,1,2240,103,Ingredient,KGS,16,3,1.56,0.01,0,0.16,16.48,0.1648,03-Jan-2017 09:47:44 AM,03-Jan-2017 09:47:44 AM,USMAN IBRAHIM,USMAN IBRAHIM
123540,005600 -0000 -F32/ 71,30,BPPL ECON EMUL - WHITE,2,2240,103,Ingredient,KGS,3,3,1.56,0.01,0,0.03,3.09,0.0309,03-Jan-2017 09:47:44 AM,03-Jan-2017 09:47:44 AM,USMAN IBRAHIM,USMAN IBRAHIM
123540,005600 -0000 -F32/ 71,30,BPPL ECON EMUL - WHITE,3,46242,103,Ingredient,KGS,0,3,1.56,348.24,0,0,0,0,03-Jan-2017 09:47:44 AM,07-Nov-2019 03:46:14 PM,USMAN IBRAHIM,USMAN IBRAHIM
123540,005600 -0000 -F32/ 71,30,BPPL ECON EMUL - WHITE,4,1190,103,Ingredient,KGS,0.05,3,1.56,131.31,0,6.5655,0.0515,6.762465,03-Jan-2017 09:47:44 AM,03-Jan-2017 09:47:44 AM,USMAN IBRAHIM,USMAN IBRAHIM
123540,005600 -0000 -F32/ 71,30,BPPL ECON EMUL - WHITE,5,2245,103,Ingredient,KGS,0.1,3,1.56,68.68,0,6.868,0.103,7.07404,03-Jan-2017 09:47:44 AM,03-Jan-2017 09:47:44 AM,USMAN IBRAHIM,USMAN IBRAHIM
123540,005600 -0000 -F32/ 71,30,BPPL ECON EMUL - WHITE,6,6139495,103,Ingredient,KGS,0.5,3,1.56,126.69,0,63.345,0.515,65.24535,03-Jan-2017 09:47:44 AM,09-Nov-2020 08:46:03 AM,USMAN IBRAHIM,FIZZA NAEEM
123540,005600 -0000 -F32/ 71,30,BPPL ECON EMUL - WHITE,7,28,103,Ingredient,KGS,0.25,3,1.56,404.3,0,101.075,0.2575,104.10725,03-Jan-2017 09:47:44 AM,28-Sept-2021 03:07:02 PM,USMAN IBRAHIM,FIZZA NAEEM
123540,005600 -0000 -F32/ 71,30,BPPL ECON EMUL - WHITE,8,154,103,Ingredient,KGS,0.3,3,1.56,90.35,0,27.105,0.309,27.91815,03-Jan-2017 09:47:44 AM,03-Jan-2017 09:47:44 AM,USMAN IBRAHIM,USMAN IBRAHIM
123540,005600 -0000 -F32/ 71,30,BPPL ECON EMUL - WHITE,9,30,103,Ingredient,KGS,0.05,3,1.56,171.02,0,8.551,0.0515,8.80753,03-Jan-2017 09:47:44 AM,03-Jan-2017 09:47:44 AM,USMAN IBRAHIM,USMAN IBRAHIM
123540,005600 -0000 -F32/ 71,30,BPPL ECON EMUL - WHITE,10,6156541,103,Ingredient,KGS,0.53,3,1.56,539.43,0,285.8979,0.5459,294.474837,03-Jan-2017 09:47:44 AM,08-Jun-2021 10:15:01 AM,USMAN IBRAHIM,FIZZA NAEEM
123540,005600 -0000 -F32/ 71,30,BPPL ECON EMUL - WHITE,11,1052,103,Ingredient,KGS,21,3,1.56,17.34,0,364.14,21.63,375.0642,03-Jan-2017 09:47:44 AM,03-Jan-2017 09:47:44 AM,USMAN IBRAHIM,USMAN IBRAHIM
123540,005600 -0000 -F32/ 71,30,BPPL ECON EMUL - WHITE,12,1002,103,Ingredient,KGS,29.37,3,1.56,7.73,0,227.0301,30.2511,233.841003,03-Jan-2017 09:47:44 AM,03-Jan-2017 09:47:44 AM,USMAN IBRAHIM,USMAN IBRAHIM
123540,005600 -0000 -F32/ 71,30,BPPL ECON EMUL - WHITE,13,1001,103,Ingredient,KGS,10,3,1.56,18.42,0,184.2,10.3,189.726,03-Jan-2017 09:47:44 AM,03-Jan-2017 09:47:44 AM,USMAN IBRAHIM,USMAN IBRAHIM
123540,005600 -0000 -F32/ 71,30,BPPL ECON EMUL - WHITE,14,2240,103,Ingredient,KGS,6.5,3,1.56,0.01,0,0.065,6.695,0.06695,03-Jan-2017 09:47:44 AM,03-Jan-2017 09:47:44 AM,USMAN IBRAHIM,USMAN IBRAHIM
123540,005600 -0000 -F32/ 71,30,BPPL ECON EMUL - WHITE,15,6197559,103,Ingredient,KGS,0.6,3,1.56,1176.93,0,706.158,0.618,727.34274,03-Jan-2017 09:47:44 AM,05-Jun-2021 10:49:22 AM,USMAN IBRAHIM,FIZZA NAEEM
123540,005600 -0000 -F32/ 71,30,BPPL ECON EMUL - WHITE,16,283,103,Ingredient,KGS,0.25,3,1.56,176.77,0,44.1925,0.2575,45.518275,03-Jan-2017 09:47:44 AM,03-Jan-2017 09:57:15 AM,USMAN IBRAHIM,USMAN IBRAHIM
123540,005600 -0000 -F32/ 71,30,BPPL ECON EMUL - WHITE,17,6121501,103,Ingredient,KGS,2,3,1.56,138.81,0,277.62,2.06,285.9486,03-Jan-2017 09:47:45 AM,06-Jan-2022 12:31:03 PM,USMAN IBRAHIM,AKHTAR ALI
123540,005600 -0000 -F32/ 71,30,BPPL ECON EMUL - WHITE,18,1190,103,Ingredient,KGS,0.1,3,1.56,131.31,0,13.131,0.103,13.52493,03-Jan-2017 09:47:45 AM,03-Jan-2017 09:47:45 AM,USMAN IBRAHIM,USMAN IBRAHIM
123540,005600 -0000 -F32/ 71,30,BPPL ECON EMUL - WHITE,19,46242,103,Ingredient,KGS,0,3,1.56,348.24,0,0,0,0,03-Jan-2017 09:47:45 AM,07-Nov-2019 03:46:14 PM,USMAN IBRAHIM,USMAN IBRAHIM
123540,005600 -0000 -F32/ 71,30,BPPL ECON EMUL - WHITE,20,2240,103,Ingredient,KGS,0.5,3,1.56,0.01,0,0.005,0.515,0.00515,03-Jan-2017 09:47:45 AM,03-Jan-2017 09:47:45 AM,USMAN IBRAHIM,USMAN IBRAHIM
123540,005600 -0000 -F32/ 71,30,BPPL ECON EMUL - WHITE,21,4543850,103,Ingredient,KGS,6.5,3,1.56,87.53,0,568.945,6.695,586.01335,03-Jan-2017 09:47:45 AM,03-Jan-2017 09:47:45 AM,USMAN IBRAHIM,USMAN IBRAHIM
123540,005600 -0000 -F32/ 71,30,BPPL ECON EMUL - WHITE,22,2240,103,Ingredient,KGS,2.25,3,1.56,0.01,0,0.0225,2.3175,0.023175,03-Jan-2017 09:47:45 AM,03-Jan-2017 09:47:45 AM,USMAN IBRAHIM,USMAN IBRAHIM
124268,005600 -0000 -F32/ 88,1,BPPL ECON EMUL - WHITE,1,82119,103,Product,KGS,100,3,1.56,22.58,23.2574,2258,103,2325.74,22-Feb-2017 11:21:49 AM,22-Feb-2017 11:21:49 AM,UMAR FAYYAZ,UMAR FAYYAZ
124268,005600 -0000 -F32/ 88,1,BPPL ECON EMUL - WHITE,1,5126982,103,Ingredient,KGS,90.58,3,1.56,20.6,0,1865.948,93.2974,1921.92644,22-Feb-2017 11:21:49 AM,22-Feb-2017 11:21:49 AM,UMAR FAYYAZ,UMAR FAYYAZ
124268,005600 -0000 -F32/ 88,1,BPPL ECON EMUL - WHITE,2,6156541,103,Ingredient,KGS,0.48,3,1.56,539.43,0,258.9264,0.4944,266.694192,22-Feb-2017 11:21:49 AM,08-Jun-2021 10:15:01 AM,UMAR FAYYAZ,FIZZA NAEEM
124268,005600 -0000 -F32/ 88,1,BPPL ECON EMUL - WHITE,3,6197559,103,Ingredient,KGS,0.63,3,1.56,1176.93,0,741.4659,0.6489,763.709877,22-Feb-2017 11:21:49 AM,05-Jun-2021 10:41:03 AM,UMAR FAYYAZ,FIZZA NAEEM
124268,005600 -0000 -F32/ 88,1,BPPL ECON EMUL - WHITE,4,2240,103,Ingredient,KGS,0.32,3,1.56,0.01,0,0.0032,0.3296,0.003296,22-Feb-2017 11:21:49 AM,22-Feb-2017 11:21:49 AM,UMAR FAYYAZ,UMAR FAYYAZ
124268,005600 -0000 -F32/ 88,1,BPPL ECON EMUL - WHITE,5,46242,103,Ingredient,KGS,0,3,1.56,348.24,0,0,0,0,22-Feb-2017 11:21:49 AM,07-Nov-2019 03:46:12 PM,UMAR FAYYAZ,USMAN IBRAHIM
124268,005600 -0000 -F32/ 88,1,BPPL ECON EMUL - WHITE,6,6121501,103,Ingredient,KGS,1.8,3,1.56,138.81,0,249.858,1.854,257.35374,22-Feb-2017 11:21:49 AM,06-Jan-2022 12:31:00 PM,UMAR FAYYAZ,AKHTAR ALI
124268,005600 -0000 -F32/ 88,1,BPPL ECON EMUL - WHITE,7,4543850,103,Ingredient,KGS,6,3,1.56,89.88,0,539.28,6.18,555.4584,22-Feb-2017 11:21:49 AM,22-Feb-2017 11:21:49 AM,UMAR FAYYAZ,UMAR FAYYAZ
124268,005600 -0000 -F32/ 88,1,BPPL ECON EMUL - WHITE,8,45,103,Ingredient,KGS,0.05,3,1.56,456.24,0,22.812,0.0515,23.49636,22-Feb-2017 11:21:49 AM,22-Feb-2017 11:21:49 AM,UMAR FAYYAZ,UMAR FAYYAZ
124407,005600 -0000 -F32/ 90,31,BPPL ECON EMUL - WHITE,1,2240,103,Ingredient,KGS,16,3,1.51,0.01,0,0.16,16.48,0.1648,06-Mar-2017 09:38:23 AM,06-Mar-2017 09:38:23 AM,USMAN IBRAHIM,USMAN IBRAHIM
124407,005600 -0000 -F32/ 90,31,BPPL ECON EMUL - WHITE,1,82119,103,Product,KGS,100,3,1.51,24.91,25.6573,2491,103,2565.73,06-Mar-2017 09:38:23 AM,08-Mar-2017 07:25:38 AM,USMAN IBRAHIM,USMAN IBRAHIM
124407,005600 -0000 -F32/ 90,31,BPPL ECON EMUL - WHITE,2,2240,103,Ingredient,KGS,3,3,1.51,0.01,0,0.03,3.09,0.0309,06-Mar-2017 09:38:23 AM,06-Mar-2017 09:38:23 AM,USMAN IBRAHIM,USMAN IBRAHIM
124407,005600 -0000 -F32/ 90,31,BPPL ECON EMUL - WHITE,3,46242,103,Ingredient,KGS,0,3,1.51,348.24,0,0,0,0,06-Mar-2017 09:38:23 AM,07-Nov-2019 03:46:14 PM,USMAN IBRAHIM,USMAN IBRAHIM
124407,005600 -0000 -F32/ 90,31,BPPL ECON EMUL - WHITE,4,1190,103,Ingredient,KGS,0.05,3,1.51,131.3,0,6.565,0.0515,6.76195,06-Mar-2017 09:38:23 AM,06-Mar-2017 09:38:23 AM,USMAN IBRAHIM,USMAN IBRAHIM
124407,005600 -0000 -F32/ 90,31,BPPL ECON EMUL - WHITE,5,2245,103,Ingredient,KGS,0.1,3,1.51,68.68,0,6.868,0.103,7.07404,06-Mar-2017 09:38:23 AM,06-Mar-2017 09:38:23 AM,USMAN IBRAHIM,USMAN IBRAHIM
124407,005600 -0000 -F32/ 90,31,BPPL ECON EMUL - WHITE,6,6139495,103,Ingredient,KGS,0.5,3,1.51,126.69,0,63.345,0.515,65.24535,06-Mar-2017 09:38:23 AM,09-Nov-2020 08:46:02 AM,USMAN IBRAHIM,FIZZA NAEEM
124407,005600 -0000 -F32/ 90,31,BPPL ECON EMUL - WHITE,7,28,103,Ingredient,KGS,0.25,3,1.51,404.3,0,101.075,0.2575,104.10725,06-Mar-2017 09:38:23 AM,28-Sept-2021 03:07:04 PM,USMAN IBRAHIM,FIZZA NAEEM
124407,005600 -0000 -F32/ 90,31,BPPL ECON EMUL - WHITE,8,154,103,Ingredient,KGS,0.3,3,1.51,89.59,0,26.877,0.309,27.68331,06-Mar-2017 09:38:23 AM,06-Mar-2017 09:38:23 AM,USMAN IBRAHIM,USMAN IBRAHIM
124407,005600 -0000 -F32/ 90,31,BPPL ECON EMUL - WHITE,9,30,103,Ingredient,KGS,0.03,3,1.51,169.08,0,5.0724,0.0309,5.224572,06-Mar-2017 09:38:23 AM,06-Mar-2017 09:38:23 AM,USMAN IBRAHIM,USMAN IBRAHIM
124407,005600 -0000 -F32/ 90,31,BPPL ECON EMUL - WHITE,10,6156541,103,Ingredient,KGS,1,3,1.51,539.43,0,539.43,1.03,555.6129,06-Mar-2017 09:38:23 AM,08-Jun-2021 10:15:00 AM,USMAN IBRAHIM,FIZZA NAEEM
124407,005600 -0000 -F32/ 90,31,BPPL ECON EMUL - WHITE,11,1052,103,Ingredient,KGS,12,3,1.51,17.26,0,207.12,12.36,213.3336,06-Mar-2017 09:38:23 AM,06-Mar-2017 09:38:23 AM,USMAN IBRAHIM,USMAN IBRAHIM
124407,005600 -0000 -F32/ 90,31,BPPL ECON EMUL - WHITE,12,1054,103,Ingredient,KGS,6,3,1.51,40.4,0,242.4,6.18,249.672,06-Mar-2017 09:38:23 AM,06-Mar-2017 09:38:23 AM,USMAN IBRAHIM,USMAN IBRAHIM
124407,005600 -0000 -F32/ 90,31,BPPL ECON EMUL - WHITE,13,1002,103,Ingredient,KGS,30,3,1.51,7.83,0,234.9,30.9,241.947,06-Mar-2017 09:38:23 AM,08-Mar-2017 07:22:25 AM,USMAN IBRAHIM,USMAN IBRAHIM
124407,005600 -0000 -F32/ 90,31,BPPL ECON EMUL - WHITE,14,1005,103,Ingredient,KGS,10,3,1.51,29.34,0,293.4,10.3,302.202,06-Mar-2017 09:38:23 AM,06-Mar-2017 09:38:23 AM,USMAN IBRAHIM,USMAN IBRAHIM
124407,005600 -0000 -F32/ 90,31,BPPL ECON EMUL - WHITE,15,2240,103,Ingredient,KGS,6.5,3,1.51,0.01,0,0.065,6.695,0.06695,06-Mar-2017 09:38:23 AM,06-Mar-2017 09:38:23 AM,USMAN IBRAHIM,USMAN IBRAHIM
124407,005600 -0000 -F32/ 90,31,BPPL ECON EMUL - WHITE,16,6197559,103,Ingredient,KGS,0.5,3,1.51,1176.93,0,588.465,0.515,606.11895,06-Mar-2017 09:38:23 AM,05-Jun-2021 11:25:01 AM,USMAN IBRAHIM,FIZZA NAEEM
124407,005600 -0000 -F32/ 90,31,BPPL ECON EMUL - WHITE,17,283,103,Ingredient,KGS,0.25,3,1.51,176.76,0,44.19,0.2575,45.5157,06-Mar-2017 09:38:23 AM,06-Mar-2017 09:38:23 AM,USMAN IBRAHIM,USMAN IBRAHIM
124407,005600 -0000 -F32/ 90,31,BPPL ECON EMUL - WHITE,18,6121501,103,Ingredient,KGS,2,3,1.51,138.81,0,277.62,2.06,285.9486,06-Mar-2017 09:38:23 AM,06-Jan-2022 12:31:01 PM,USMAN IBRAHIM,AKHTAR ALI
124407,005600 -0000 -F32/ 90,31,BPPL ECON EMUL - WHITE,19,1190,103,Ingredient,KGS,0.1,3,1.51,131.3,0,13.13,0.103,13.5239,06-Mar-2017 09:38:23 AM,06-Mar-2017 09:38:23 AM,USMAN IBRAHIM,USMAN IBRAHIM
124407,005600 -0000 -F32/ 90,31,BPPL ECON EMUL - WHITE,20,46242,103,Ingredient,KGS,0,3,1.51,348.24,0,0,0,0,06-Mar-2017 09:38:23 AM,07-Nov-2019 03:46:14 PM,USMAN IBRAHIM,USMAN IBRAHIM
124407,005600 -0000 -F32/ 90,31,BPPL ECON EMUL - WHITE,21,2240,103,Ingredient,KGS,0.5,3,1.51,0.01,0,0.005,0.515,0.00515,06-Mar-2017 09:38:23 AM,06-Mar-2017 09:38:23 AM,USMAN IBRAHIM,USMAN IBRAHIM
124407,005600 -0000 -F32/ 90,31,BPPL ECON EMUL - WHITE,22,4543850,103,Ingredient,KGS,6.5,3,1.51,92.54,0,601.51,6.695,619.5553,06-Mar-2017 09:38:23 AM,06-Mar-2017 09:38:23 AM,USMAN IBRAHIM,USMAN IBRAHIM
124407,005600 -0000 -F32/ 90,31,BPPL ECON EMUL - WHITE,23,2240,103,Ingredient,KGS,4.27,3,1.51,0.01,0,0.0427,4.3981,0.043981,06-Mar-2017 09:38:23 AM,08-Mar-2017 07:22:25 AM,USMAN IBRAHIM,USMAN IBRAHIM
124779,005600 -0000 -F32/ 118,32,BPPL ECON EMUL - WHITE,1,2240,103,Ingredient,KGS,16,3,1.51,0.01,0,0.16,16.48,0.1648,22-Mar-2017 09:37:24 AM,22-Mar-2017 09:37:24 AM,USMAN IBRAHIM,USMAN IBRAHIM
124779,005600 -0000 -F32/ 118,32,BPPL ECON EMUL - WHITE,1,82119,103,Product,KGS,99.85,3,1.51,24.8726,25.6188,2487.2635,102.8455,2561.881405,22-Mar-2017 09:37:24 AM,22-Mar-2017 09:37:24 AM,USMAN IBRAHIM,USMAN IBRAHIM
124779,005600 -0000 -F32/ 118,32,BPPL ECON EMUL - WHITE,2,2240,103,Ingredient,KGS,3,3,1.51,0.01,0,0.03,3.09,0.0309,22-Mar-2017 09:37:24 AM,22-Mar-2017 09:37:24 AM,USMAN IBRAHIM,USMAN IBRAHIM
124779,005600 -0000 -F32/ 118,32,BPPL ECON EMUL - WHITE,3,46242,103,Ingredient,KGS,0,3,1.51,348.24,0,0,0,0,22-Mar-2017 09:37:24 AM,07-Nov-2019 03:46:15 PM,USMAN IBRAHIM,USMAN IBRAHIM
124779,005600 -0000 -F32/ 118,32,BPPL ECON EMUL - WHITE,4,1190,103,Ingredient,KGS,0.05,3,1.51,131.3,0,6.565,0.0515,6.76195,22-Mar-2017 09:37:24 AM,22-Mar-2017 09:37:24 AM,USMAN IBRAHIM,USMAN IBRAHIM
124779,005600 -0000 -F32/ 118,32,BPPL ECON EMUL - WHITE,5,2245,103,Ingredient,KGS,0.1,3,1.51,68.68,0,6.868,0.103,7.07404,22-Mar-2017 09:37:24 AM,22-Mar-2017 09:37:24 AM,USMAN IBRAHIM,USMAN IBRAHIM
124779,005600 -0000 -F32/ 118,32,BPPL ECON EMUL - WHITE,6,6139495,103,Ingredient,KGS,0.5,3,1.51,126.69,0,63.345,0.515,65.24535,22-Mar-2017 09:37:24 AM,09-Nov-2020 08:46:05 AM,USMAN IBRAHIM,FIZZA NAEEM
124779,005600 -0000 -F32/ 118,32,BPPL ECON EMUL - WHITE,7,28,103,Ingredient,KGS,0.25,3,1.51,404.3,0,101.075,0.2575,104.10725,22-Mar-2017 09:37:24 AM,28-Sept-2021 03:07:04 PM,USMAN IBRAHIM,FIZZA NAEEM
124779,005600 -0000 -F32/ 118,32,BPPL ECON EMUL - WHITE,8,154,103,Ingredient,KGS,0.3,3,1.51,89.59,0,26.877,0.309,27.68331,22-Mar-2017 09:37:24 AM,22-Mar-2017 09:37:24 AM,USMAN IBRAHIM,USMAN IBRAHIM
124779,005600 -0000 -F32/ 118,32,BPPL ECON EMUL - WHITE,9,30,103,Ingredient,KGS,0.03,3,1.51,169.08,0,5.0724,0.0309,5.224572,22-Mar-2017 09:37:24 AM,22-Mar-2017 09:37:24 AM,USMAN IBRAHIM,USMAN IBRAHIM
124779,005600 -0000 -F32/ 118,32,BPPL ECON EMUL - WHITE,10,686,103,Ingredient,KGS,1,3,1.51,356.34,0,356.34,1.03,367.0302,15-Jan-2021 12:42:34 PM,15-Jan-2021 12:42:34 PM,FIZZA NAEEM,FIZZA NAEEM
124779,005600 -0000 -F32/ 118,32,BPPL ECON EMUL - WHITE,11,1052,103,Ingredient,KGS,12,3,1.51,17.43,0,209.16,12.36,215.4348,22-Mar-2017 09:37:24 AM,15-Jan-2021 12:42:34 PM,USMAN IBRAHIM,FIZZA NAEEM
124779,005600 -0000 -F32/ 118,32,BPPL ECON EMUL - WHITE,12,1054,103,Ingredient,KGS,6,3,1.51,41.97,0,251.82,6.18,259.3746,22-Mar-2017 09:37:24 AM,15-Jan-2021 12:42:34 PM,USMAN IBRAHIM,FIZZA NAEEM
124779,005600 -0000 -F32/ 118,32,BPPL ECON EMUL - WHITE,13,1002,103,Ingredient,KGS,30,3,1.51,7.33,0,219.9,30.9,226.497,22-Mar-2017 09:37:24 AM,15-Jan-2021 12:42:34 PM,USMAN IBRAHIM,FIZZA NAEEM
124779,005600 -0000 -F32/ 118,32,BPPL ECON EMUL - WHITE,14,1005,103,Ingredient,KGS,10,3,1.51,29.78,0,297.8,10.3,306.734,22-Mar-2017 09:37:24 AM,15-Jan-2021 12:42:34 PM,USMAN IBRAHIM,FIZZA NAEEM
124779,005600 -0000 -F32/ 118,32,BPPL ECON EMUL - WHITE,15,2240,103,Ingredient,KGS,7,3,1.51,0.01,0,0.07,7.21,0.0721,22-Mar-2017 09:37:24 AM,15-Jan-2021 12:42:34 PM,USMAN IBRAHIM,FIZZA NAEEM
124779,005600 -0000 -F32/ 118,32,BPPL ECON EMUL - WHITE,16,6197559,103,Ingredient,KGS,0.5,3,1.51,1176.93,0,588.465,0.515,606.11895,22-Mar-2017 09:37:24 AM,05-Jun-2021 10:41:03 AM,USMAN IBRAHIM,FIZZA NAEEM
124779,005600 -0000 -F32/ 118,32,BPPL ECON EMUL - WHITE,17,283,103,Ingredient,KGS,0.25,3,1.51,285.69,0,71.4225,0.2575,73.565175,22-Mar-2017 09:37:24 AM,15-Jan-2021 12:42:34 PM,USMAN IBRAHIM,FIZZA NAEEM
124779,005600 -0000 -F32/ 118,32,BPPL ECON EMUL - WHITE,18,6121501,103,Ingredient,KGS,2,3,1.51,138.81,0,277.62,2.06,285.9486,22-Mar-2017 09:37:24 AM,06-Jan-2022 12:31:00 PM,USMAN IBRAHIM,AKHTAR ALI
124779,005600 -0000 -F32/ 118,32,BPPL ECON EMUL - WHITE,19,1190,103,Ingredient,KGS,0.1,3,1.51,162.9,0,16.29,0.103,16.7787,22-Mar-2017 09:37:24 AM,15-Jan-2021 12:42:34 PM,USMAN IBRAHIM,FIZZA NAEEM
124779,005600 -0000 -F32/ 118,32,BPPL ECON EMUL - WHITE,20,46242,103,Ingredient,KGS,0,3,1.51,337.92,0,0,0,0,22-Mar-2017 09:37:24 AM,15-Jan-2021 12:42:34 PM,USMAN IBRAHIM,FIZZA NAEEM
124779,005600 -0000 -F32/ 118,32,BPPL ECON EMUL - WHITE,21,2240,103,Ingredient,KGS,0.5,3,1.51,0.01,0,0.005,0.515,0.00515,22-Mar-2017 09:37:24 AM,15-Jan-2021 12:42:34 PM,USMAN IBRAHIM,FIZZA NAEEM
124779,005600 -0000 -F32/ 118,32,BPPL ECON EMUL - WHITE,22,4543850,103,Ingredient,KGS,6,3,1.51,144.78,0,868.68,6.18,894.7404,22-Mar-2017 09:37:24 AM,15-Jan-2021 12:42:34 PM,USMAN IBRAHIM,FIZZA NAEEM
124779,005600 -0000 -F32/ 118,32,BPPL ECON EMUL - WHITE,23,2240,103,Ingredient,KGS,4.27,3,1.51,0.01,0,0.0427,4.3981,0.043981,22-Mar-2017 09:37:24 AM,15-Jan-2021 12:42:34 PM,USMAN IBRAHIM,FIZZA NAEEM
124903,005600 -0000 -F32/ 156,1,BPPL ECON EMUL - WHITE,1,5126982,103,Ingredient,KGS,89.83,3,1.44,20.5,0,1841.515,92.5249,1896.76045,29-Mar-2017 09:30:29 AM,29-Mar-2017 09:30:29 AM,MUHAMMAD SOHAIL,MUHAMMAD SOHAIL
124903,005600 -0000 -F32/ 156,1,BPPL ECON EMUL - WHITE,1,82119,103,Product,KGS,100,3,1.44,24.91,25.6573,2491,103,2565.73,29-Mar-2017 09:30:29 AM,29-Mar-2017 09:30:29 AM,MUHAMMAD SOHAIL,MUHAMMAD SOHAIL
124903,005600 -0000 -F32/ 156,1,BPPL ECON EMUL - WHITE,2,6197559,103,Ingredient,KGS,0.5,3,1.44,1176.93,0,588.465,0.515,606.11895,29-Mar-2017 09:30:29 AM,05-Jun-2021 11:25:01 AM,MUHAMMAD SOHAIL,FIZZA NAEEM
124903,005600 -0000 -F32/ 156,1,BPPL ECON EMUL - WHITE,3,6156541,103,Ingredient,KGS,0.48,3,1.44,539.43,0,258.9264,0.4944,266.694192,29-Mar-2017 09:30:29 AM,08-Jun-2021 10:15:00 AM,MUHAMMAD SOHAIL,FIZZA NAEEM
124903,005600 -0000 -F32/ 156,1,BPPL ECON EMUL - WHITE,4,283,103,Ingredient,KGS,0.1,3,1.44,176.76,0,17.676,0.103,18.20628,29-Mar-2017 09:30:29 AM,29-Mar-2017 09:30:29 AM,MUHAMMAD SOHAIL,MUHAMMAD SOHAIL
124903,005600 -0000 -F32/ 156,1,BPPL ECON EMUL - WHITE,5,6121501,103,Ingredient,KGS,1.8,3,1.44,138.81,0,249.858,1.854,257.35374,29-Mar-2017 09:30:29 AM,06-Jan-2022 12:31:01 PM,MUHAMMAD SOHAIL,AKHTAR ALI
124903,005600 -0000 -F32/ 156,1,BPPL ECON EMUL - WHITE,6,46242,103,Ingredient,KGS,0,3,1.44,348.24,0,0,0,0,29-Mar-2017 09:30:29 AM,07-Nov-2019 03:46:15 PM,MUHAMMAD SOHAIL,USMAN IBRAHIM
124903,005600 -0000 -F32/ 156,1,BPPL ECON EMUL - WHITE,7,2240,103,Ingredient,KGS,0.2,3,1.44,0.01,0,0.002,0.206,0.00206,29-Mar-2017 09:30:29 AM,29-Mar-2017 09:30:29 AM,MUHAMMAD SOHAIL,MUHAMMAD SOHAIL
124903,005600 -0000 -F32/ 156,1,BPPL ECON EMUL - WHITE,8,4543850,103,Ingredient,KGS,5.9,3,1.44,92.54,0,545.986,6.077,562.36558,29-Mar-2017 09:30:29 AM,29-Mar-2017 09:30:29 AM,MUHAMMAD SOHAIL,MUHAMMAD SOHAIL
124903,005600 -0000 -F32/ 156,1,BPPL ECON EMUL - WHITE,9,30,103,Ingredient,KGS,0.05,3,1.44,169.08,0,8.454,0.0515,8.70762,29-Mar-2017 09:30:29 AM,29-Mar-2017 09:30:29 AM,MUHAMMAD SOHAIL,MUHAMMAD SOHAIL
124903,005600 -0000 -F32/ 156,1,BPPL ECON EMUL - WHITE,10,2240,103,Ingredient,KGS,1,3,1.44,0.01,0,0.01,1.03,0.0103,29-Mar-2017 09:30:29 AM,29-Mar-2017 09:30:29 AM,MUHAMMAD SOHAIL,MUHAMMAD SOHAIL
125648,005600 -0000 -F33/ 45,1,BPPL ECON EMUL - WHITE,1,5126982,103,Ingredient,KGS,89.34,3,1.44,24.53,0,2191.5102,92.0202,2257.255506,17-May-2017 04:34:57 PM,22-Oct-2021 08:01:11 AM,MUHAMMAD SOHAIL,FIZZA NAEEM
125648,005600 -0000 -F33/ 45,1,BPPL ECON EMUL - WHITE,1,82119,103,Product,KGS,100,3,1.44,25.72,26.4916,2572,103,2649.16,17-May-2017 04:34:57 PM,17-May-2017 04:34:57 PM,MUHAMMAD SOHAIL,MUHAMMAD SOHAIL
125648,005600 -0000 -F33/ 45,1,BPPL ECON EMUL - WHITE,2,6156541,103,Ingredient,KGS,0.52,3,1.44,656.44,0,341.3488,0.5356,351.589264,06-Jul-2022 09:35:15 AM,06-Jul-2022 09:35:15 AM,FIZZA NAEEM,FIZZA NAEEM
125648,005600 -0000 -F33/ 45,1,BPPL ECON EMUL - WHITE,3,58,103,Ingredient,KGS,0.45,3,1.44,2368.56,0,1065.852,0.4635,1097.82756,18-Oct-2022 08:08:16 AM,18-Oct-2022 08:08:16 AM,FIZZA NAEEM,FIZZA NAEEM
125648,005600 -0000 -F33/ 45,1,BPPL ECON EMUL - WHITE,4,285,103,Ingredient,KGS,0.1,3,1.44,315,0,31.5,0.103,32.445,28-Sept-2022 12:46:27 PM,18-Oct-2022 08:08:16 AM,MUSTAFEEZ MALIK,FIZZA NAEEM
125648,005600 -0000 -F33/ 45,1,BPPL ECON EMUL - WHITE,5,6121501,103,Ingredient,KGS,0.8,3,1.44,252.49,0,201.992,0.824,208.05176,17-Oct-2022 12:44:19 PM,18-Oct-2022 08:08:16 AM,FIZZA NAEEM,FIZZA NAEEM
125648,005600 -0000 -F33/ 45,1,BPPL ECON EMUL - WHITE,6,6173565,103,Ingredient,KGS,0.5,3,1.44,681.67,0,340.835,0.515,351.06005,03-Aug-2021 02:36:10 PM,18-Oct-2022 08:08:16 AM,FIZZA NAEEM,FIZZA NAEEM
125648,005600 -0000 -F33/ 45,1,BPPL ECON EMUL - WHITE,7,46242,103,Ingredient,KGS,0.14,3,1.44,482.79,0,67.5906,0.1442,69.618318,17-May-2017 04:34:57 PM,18-Oct-2022 08:08:16 AM,MUHAMMAD SOHAIL,FIZZA NAEEM
125648,005600 -0000 -F33/ 45,1,BPPL ECON EMUL - WHITE,8,2240,103,Ingredient,KGS,0.2,3,1.44,0.01,0,0.002,0.206,0.00206,17-May-2017 04:34:57 PM,18-Oct-2022 08:08:16 AM,MUHAMMAD SOHAIL,FIZZA NAEEM
125648,005600 -0000 -F33/ 45,1,BPPL ECON EMUL - WHITE,9,4543850,103,Ingredient,KGS,6.9,3,1.44,226.09,0,1560.021,7.107,1606.82163,17-May-2017 04:34:57 PM,18-Oct-2022 08:08:16 AM,MUHAMMAD SOHAIL,FIZZA NAEEM
125648,005600 -0000 -F33/ 45,1,BPPL ECON EMUL - WHITE,10,30,103,Ingredient,KGS,0.05,3,1.44,398.97,0,19.9485,0.0515,20.546955,17-May-2017 04:34:57 PM,18-Oct-2022 08:08:16 AM,MUHAMMAD SOHAIL,FIZZA NAEEM
125648,005600 -0000 -F33/ 45,1,BPPL ECON EMUL - WHITE,11,2240,103,Ingredient,KGS,1,3,1.44,0.01,0,0.01,1.03,0.0103,17-May-2017 04:34:57 PM,18-Oct-2022 08:08:16 AM,MUHAMMAD SOHAIL,FIZZA NAEEM
125768,005600 -0000 -F33/ 45,2,BPPL ECON EMUL - WHITE,1,5126982,103,Ingredient,KGS,89.36,3,1.44,19.78,0,1767.5408,92.0408,1820.567024,25-May-2017 11:25:58 AM,25-May-2017 11:25:58 AM,UMAR FAYYAZ,UMAR FAYYAZ
125768,005600 -0000 -F33/ 45,2,BPPL ECON EMUL - WHITE,1,82119,103,Product,KGS,100,3,1.44,25.72,26.4916,2572,103,2649.16,25-May-2017 11:25:58 AM,25-May-2017 11:25:58 AM,UMAR FAYYAZ,UMAR FAYYAZ
125768,005600 -0000 -F33/ 45,2,BPPL ECON EMUL - WHITE,2,6197559,103,Ingredient,KGS,0.45,3,1.44,1176.93,0,529.6185,0.4635,545.507055,25-May-2017 11:25:58 AM,05-Jun-2021 11:25:01 AM,UMAR FAYYAZ,FIZZA NAEEM
125768,005600 -0000 -F33/ 45,2,BPPL ECON EMUL - WHITE,3,686,103,Ingredient,KGS,1,3,1.44,307.6,0,307.6,1.03,316.828,25-May-2017 11:25:58 AM,03-Jan-2018 10:54:56 AM,UMAR FAYYAZ,IRFAN A KHAN
125768,005600 -0000 -F33/ 45,2,BPPL ECON EMUL - WHITE,4,283,103,Ingredient,KGS,0.1,3,1.44,176.75,0,17.675,0.103,18.20525,25-May-2017 11:25:58 AM,16-Jun-2017 08:08:03 AM,UMAR FAYYAZ,UMAR FAYYAZ
125768,005600 -0000 -F33/ 45,2,BPPL ECON EMUL - WHITE,5,6121501,103,Ingredient,KGS,1.8,3,1.44,138.81,0,249.858,1.854,257.35374,25-May-2017 11:25:58 AM,06-Jan-2022 12:31:01 PM,UMAR FAYYAZ,AKHTAR ALI
125768,005600 -0000 -F33/ 45,2,BPPL ECON EMUL - WHITE,6,46242,103,Ingredient,KGS,0,3,1.44,348.24,0,0,0,0,25-May-2017 11:25:58 AM,07-Nov-2019 03:46:14 PM,UMAR FAYYAZ,USMAN IBRAHIM
125768,005600 -0000 -F33/ 45,2,BPPL ECON EMUL - WHITE,7,2240,103,Ingredient,KGS,0.2,3,1.44,0.01,0,0.002,0.206,0.00206,25-May-2017 11:25:58 AM,25-May-2017 11:25:58 AM,UMAR FAYYAZ,UMAR FAYYAZ
125768,005600 -0000 -F33/ 45,2,BPPL ECON EMUL - WHITE,8,4543850,103,Ingredient,KGS,5.9,3,1.44,96.97,0,572.123,6.077,589.28669,25-May-2017 11:25:58 AM,25-May-2017 11:25:58 AM,UMAR FAYYAZ,UMAR FAYYAZ
125768,005600 -0000 -F33/ 45,2,BPPL ECON EMUL - WHITE,9,30,103,Ingredient,KGS,0.05,3,1.44,167.38,0,8.369,0.0515,8.62007,25-May-2017 11:25:58 AM,25-May-2017 11:25:58 AM,UMAR FAYYAZ,UMAR FAYYAZ
125768,005600 -0000 -F33/ 45,2,BPPL ECON EMUL - WHITE,10,2240,103,Ingredient,KGS,1,3,1.44,0.01,0,0.01,1.03,0.0103,25-May-2017 11:25:58 AM,25-May-2017 11:25:58 AM,UMAR FAYYAZ,UMAR FAYYAZ
126137,005600 -0000 -F33/ 93,33,BPPL ECON EMUL - WHITE,1,2240,103,Ingredient,KGS,16,3,1.51,0.01,0,0.16,16.48,0.1648,16-Jun-2017 09:08:13 AM,16-Jun-2017 09:08:13 AM,USMAN IBRAHIM,USMAN IBRAHIM
126137,005600 -0000 -F33/ 93,33,BPPL ECON EMUL - WHITE,1,82119,103,Product,KGS,99.4,3,1.51,28.9055,29.7727,2890.552,102.382,2977.26856,16-Jun-2017 09:08:13 AM,16-Jun-2017 09:08:13 AM,USMAN IBRAHIM,USMAN IBRAHIM
126137,005600 -0000 -F33/ 93,33,BPPL ECON EMUL - WHITE,2,2240,103,Ingredient,KGS,3,3,1.51,0.01,0,0.03,3.09,0.0309,16-Jun-2017 09:08:13 AM,16-Jun-2017 09:08:13 AM,USMAN IBRAHIM,USMAN IBRAHIM
126137,005600 -0000 -F33/ 93,33,BPPL ECON EMUL - WHITE,3,46242,103,Ingredient,KGS,0,3,1.51,348.24,0,0,0,0,16-Jun-2017 09:08:13 AM,07-Nov-2019 03:46:14 PM,USMAN IBRAHIM,USMAN IBRAHIM
126137,005600 -0000 -F33/ 93,33,BPPL ECON EMUL - WHITE,4,1190,103,Ingredient,KGS,0.05,3,1.51,131.94,0,6.597,0.0515,6.79491,16-Jun-2017 09:08:13 AM,16-Jun-2017 09:08:13 AM,USMAN IBRAHIM,USMAN IBRAHIM
126137,005600 -0000 -F33/ 93,33,BPPL ECON EMUL - WHITE,5,2245,103,Ingredient,KGS,0.1,3,1.51,68.68,0,6.868,0.103,7.07404,16-Jun-2017 09:08:13 AM,16-Jun-2017 09:08:13 AM,USMAN IBRAHIM,USMAN IBRAHIM
126137,005600 -0000 -F33/ 93,33,BPPL ECON EMUL - WHITE,6,6139495,103,Ingredient,KGS,0.5,3,1.51,126.69,0,63.345,0.515,65.24535,16-Jun-2017 09:08:13 AM,09-Nov-2020 08:46:04 AM,USMAN IBRAHIM,FIZZA NAEEM
126137,005600 -0000 -F33/ 93,33,BPPL ECON EMUL - WHITE,7,28,103,Ingredient,KGS,0.25,3,1.51,404.3,0,101.075,0.2575,104.10725,16-Jun-2017 09:08:13 AM,28-Sept-2021 03:07:02 PM,USMAN IBRAHIM,FIZZA NAEEM
126137,005600 -0000 -F33/ 93,33,BPPL ECON EMUL - WHITE,8,154,103,Ingredient,KGS,0.3,3,1.51,86.69,0,26.007,0.309,26.78721,16-Jun-2017 09:08:13 AM,16-Jun-2017 09:08:13 AM,USMAN IBRAHIM,USMAN IBRAHIM
126137,005600 -0000 -F33/ 93,33,BPPL ECON EMUL - WHITE,9,30,103,Ingredient,KGS,0.03,3,1.51,167.02,0,5.0106,0.0309,5.160918,16-Jun-2017 09:08:13 AM,16-Jun-2017 09:08:13 AM,USMAN IBRAHIM,USMAN IBRAHIM
126137,005600 -0000 -F33/ 93,33,BPPL ECON EMUL - WHITE,10,686,103,Ingredient,KGS,1,3,1.51,356.34,0,356.34,1.03,367.0302,15-Jan-2021 12:43:02 PM,15-Jan-2021 12:43:02 PM,FIZZA NAEEM,FIZZA NAEEM
126137,005600 -0000 -F33/ 93,33,BPPL ECON EMUL - WHITE,11,1052,103,Ingredient,KGS,12,3,1.51,17.43,0,209.16,12.36,215.4348,16-Jun-2017 09:08:13 AM,15-Jan-2021 12:43:02 PM,USMAN IBRAHIM,FIZZA NAEEM
126137,005600 -0000 -F33/ 93,33,BPPL ECON EMUL - WHITE,12,1054,103,Ingredient,KGS,6,3,1.51,41.97,0,251.82,6.18,259.3746,16-Jun-2017 09:08:13 AM,15-Jan-2021 12:43:02 PM,USMAN IBRAHIM,FIZZA NAEEM
126137,005600 -0000 -F33/ 93,33,BPPL ECON EMUL - WHITE,13,1002,103,Ingredient,KGS,30,3,1.51,7.33,0,219.9,30.9,226.497,16-Jun-2017 09:08:13 AM,15-Jan-2021 12:43:02 PM,USMAN IBRAHIM,FIZZA NAEEM
126137,005600 -0000 -F33/ 93,33,BPPL ECON EMUL - WHITE,14,1005,103,Ingredient,KGS,10,3,1.51,29.78,0,297.8,10.3,306.734,16-Jun-2017 09:08:13 AM,15-Jan-2021 12:43:02 PM,USMAN IBRAHIM,FIZZA NAEEM
126137,005600 -0000 -F33/ 93,33,BPPL ECON EMUL - WHITE,15,2240,103,Ingredient,KGS,6.5,3,1.51,0.01,0,0.065,6.695,0.06695,16-Jun-2017 09:08:13 AM,15-Jan-2021 12:43:02 PM,USMAN IBRAHIM,FIZZA NAEEM
126137,005600 -0000 -F33/ 93,33,BPPL ECON EMUL - WHITE,16,6197559,103,Ingredient,KGS,0.55,3,1.51,1176.93,0,647.3115,0.5665,666.730845,16-Jun-2017 09:08:13 AM,05-Jun-2021 11:02:47 AM,USMAN IBRAHIM,FIZZA NAEEM
126137,005600 -0000 -F33/ 93,33,BPPL ECON EMUL - WHITE,17,283,103,Ingredient,KGS,0.3,3,1.51,285.69,0,85.707,0.309,88.27821,16-Jun-2017 09:08:13 AM,15-Jan-2021 12:43:02 PM,USMAN IBRAHIM,FIZZA NAEEM
126137,005600 -0000 -F33/ 93,33,BPPL ECON EMUL - WHITE,18,6121501,103,Ingredient,KGS,2,3,1.51,138.81,0,277.62,2.06,285.9486,16-Jun-2017 09:08:13 AM,06-Jan-2022 12:31:03 PM,USMAN IBRAHIM,AKHTAR ALI
126137,005600 -0000 -F33/ 93,33,BPPL ECON EMUL - WHITE,19,1190,103,Ingredient,KGS,0.1,3,1.51,162.9,0,16.29,0.103,16.7787,16-Jun-2017 09:08:13 AM,15-Jan-2021 12:43:02 PM,USMAN IBRAHIM,FIZZA NAEEM
126137,005600 -0000 -F33/ 93,33,BPPL ECON EMUL - WHITE,20,46242,103,Ingredient,KGS,0,3,1.51,337.92,0,0,0,0,16-Jun-2017 09:08:13 AM,15-Jan-2021 12:43:02 PM,USMAN IBRAHIM,FIZZA NAEEM
126137,005600 -0000 -F33/ 93,33,BPPL ECON EMUL - WHITE,21,2240,103,Ingredient,KGS,0.5,3,1.51,0.01,0,0.005,0.515,0.00515,16-Jun-2017 09:08:13 AM,15-Jan-2021 12:43:02 PM,USMAN IBRAHIM,FIZZA NAEEM
126137,005600 -0000 -F33/ 93,33,BPPL ECON EMUL - WHITE,22,4543850,103,Ingredient,KGS,6,3,1.51,144.78,0,868.68,6.18,894.7404,16-Jun-2017 09:08:13 AM,15-Jan-2021 12:43:02 PM,USMAN IBRAHIM,FIZZA NAEEM
126137,005600 -0000 -F33/ 93,33,BPPL ECON EMUL - WHITE,23,2240,103,Ingredient,KGS,4.22,3,1.51,0.01,0,0.0422,4.3466,0.043466,16-Jun-2017 09:08:13 AM,15-Jan-2021 12:43:02 PM,USMAN IBRAHIM,FIZZA NAEEM
128145,005600 -0000 -F34/ 147,1,BPPL ECON EMUL - WHITE,1,5126982,103,Ingredient,KGS,89.88,3,1.44,19.67,0,1767.9396,92.5764,1820.977788,27-Nov-2017 11:27:19 AM,27-Nov-2017 11:27:19 AM,IRFAN A KHAN,IRFAN A KHAN
128145,005600 -0000 -F34/ 147,1,BPPL ECON EMUL - WHITE,1,82119,103,Product,KGS,100,3,1.44,31.11,32.0433,3111,103,3204.33,27-Nov-2017 11:27:19 AM,27-Nov-2017 11:27:19 AM,IRFAN A KHAN,IRFAN A KHAN
128145,005600 -0000 -F34/ 147,1,BPPL ECON EMUL - WHITE,2,6197559,103,Ingredient,KGS,0.45,3,1.44,1176.93,0,529.6185,0.4635,545.507055,27-Nov-2017 11:27:19 AM,05-Jun-2021 11:18:07 AM,IRFAN A KHAN,FIZZA NAEEM
128145,005600 -0000 -F34/ 147,1,BPPL ECON EMUL - WHITE,3,686,103,Ingredient,KGS,0.48,3,1.44,307.6,0,147.648,0.4944,152.07744,27-Nov-2017 11:27:19 AM,03-Jan-2018 10:54:56 AM,IRFAN A KHAN,IRFAN A KHAN
128145,005600 -0000 -F34/ 147,1,BPPL ECON EMUL - WHITE,4,283,103,Ingredient,KGS,0.1,3,1.44,176.75,0,17.675,0.103,18.20525,27-Nov-2017 11:27:19 AM,27-Nov-2017 11:27:19 AM,IRFAN A KHAN,IRFAN A KHAN
128145,005600 -0000 -F34/ 147,1,BPPL ECON EMUL - WHITE,5,6121501,103,Ingredient,KGS,1.8,3,1.44,138.81,0,249.858,1.854,257.35374,27-Nov-2017 11:27:19 AM,06-Jan-2022 12:31:02 PM,IRFAN A KHAN,AKHTAR ALI
128145,005600 -0000 -F34/ 147,1,BPPL ECON EMUL - WHITE,6,46242,103,Ingredient,KGS,0,3,1.44,348.24,0,0,0,0,27-Nov-2017 11:27:19 AM,07-Nov-2019 03:46:14 PM,IRFAN A KHAN,USMAN IBRAHIM
128145,005600 -0000 -F34/ 147,1,BPPL ECON EMUL - WHITE,7,2240,103,Ingredient,KGS,0.2,3,1.44,0.01,0,0.002,0.206,0.00206,27-Nov-2017 11:27:19 AM,27-Nov-2017 11:27:19 AM,IRFAN A KHAN,IRFAN A KHAN
128145,005600 -0000 -F34/ 147,1,BPPL ECON EMUL - WHITE,8,4543850,103,Ingredient,KGS,5.9,3,1.44,99.36,0,586.224,6.077,603.81072,27-Nov-2017 11:27:19 AM,27-Nov-2017 11:27:19 AM,IRFAN A KHAN,IRFAN A KHAN
128145,005600 -0000 -F34/ 147,1,BPPL ECON EMUL - WHITE,9,30,103,Ingredient,KGS,0.05,3,1.44,166.68,0,8.334,0.0515,8.58402,27-Nov-2017 11:27:19 AM,27-Nov-2017 11:27:19 AM,IRFAN A KHAN,IRFAN A KHAN
128145,005600 -0000 -F34/ 147,1,BPPL ECON EMUL - WHITE,10,2240,103,Ingredient,KGS,1,3,1.44,0.01,0,0.01,1.03,0.0103,27-Nov-2017 11:27:19 AM,27-Nov-2017 11:27:19 AM,IRFAN A KHAN,IRFAN A KHAN
128379,005600 -0000 -F34/183,1,BPPL ECON EMUL - WHITE,1,5126982,103,Ingredient,KGS,89.88,3,1.44,19.6,0,1761.648,92.5764,1814.49744,15-Dec-2017 09:10:21 AM,15-Dec-2017 09:10:21 AM,MUHAMMAD SOHAIL,MUHAMMAD SOHAIL
128379,005600 -0000 -F34/183,1,BPPL ECON EMUL - WHITE,1,82119,103,Product,KGS,100,3,1.44,31.49,32.4347,3149,103,3243.47,15-Dec-2017 09:10:21 AM,15-Dec-2017 09:10:21 AM,MUHAMMAD SOHAIL,MUHAMMAD SOHAIL
128379,005600 -0000 -F34/183,1,BPPL ECON EMUL - WHITE,2,686,103,Ingredient,KGS,0.48,3,1.44,307.6,0,147.648,0.4944,152.07744,15-Dec-2017 09:10:21 AM,03-Jan-2018 10:54:57 AM,MUHAMMAD SOHAIL,IRFAN A KHAN
128379,005600 -0000 -F34/183,1,BPPL ECON EMUL - WHITE,3,6197559,103,Ingredient,KGS,0.45,3,1.44,1176.93,0,529.6185,0.4635,545.507055,15-Dec-2017 09:10:21 AM,05-Jun-2021 11:08:14 AM,MUHAMMAD SOHAIL,FIZZA NAEEM
128379,005600 -0000 -F34/183,1,BPPL ECON EMUL - WHITE,4,283,103,Ingredient,KGS,0.1,3,1.44,176.75,0,17.675,0.103,18.20525,15-Dec-2017 09:10:21 AM,15-Dec-2017 09:10:21 AM,MUHAMMAD SOHAIL,MUHAMMAD SOHAIL
128379,005600 -0000 -F34/183,1,BPPL ECON EMUL - WHITE,5,6121501,103,Ingredient,KGS,1.8,3,1.44,138.81,0,249.858,1.854,257.35374,17-Feb-2018 11:57:22 AM,06-Jan-2022 12:31:00 PM,MUHAMMAD SOHAIL,AKHTAR ALI
128379,005600 -0000 -F34/183,1,BPPL ECON EMUL - WHITE,6,46242,103,Ingredient,KGS,0,3,1.44,348.24,0,0,0,0,15-Dec-2017 09:10:22 AM,07-Nov-2019 03:46:14 PM,MUHAMMAD SOHAIL,USMAN IBRAHIM
128379,005600 -0000 -F34/183,1,BPPL ECON EMUL - WHITE,7,2240,103,Ingredient,KGS,0.2,3,1.44,0.01,0,0.002,0.206,0.00206,15-Dec-2017 09:10:22 AM,17-Feb-2018 11:57:22 AM,MUHAMMAD SOHAIL,MUHAMMAD SOHAIL
128379,005600 -0000 -F34/183,1,BPPL ECON EMUL - WHITE,8,4543850,103,Ingredient,KGS,5.9,3,1.44,102.89,0,607.051,6.077,625.26253,15-Dec-2017 09:10:22 AM,17-Feb-2018 11:57:22 AM,MUHAMMAD SOHAIL,MUHAMMAD SOHAIL
128379,005600 -0000 -F34/183,1,BPPL ECON EMUL - WHITE,9,30,103,Ingredient,KGS,0.05,3,1.44,170.55,0,8.5275,0.0515,8.783325,15-Dec-2017 09:10:22 AM,17-Feb-2018 11:57:22 AM,MUHAMMAD SOHAIL,MUHAMMAD SOHAIL
128379,005600 -0000 -F34/183,1,BPPL ECON EMUL - WHITE,10,2240,103,Ingredient,KGS,1,3,1.44,0.01,0,0.01,1.03,0.0103,15-Dec-2017 09:10:22 AM,17-Feb-2018 11:57:22 AM,MUHAMMAD SOHAIL,MUHAMMAD SOHAIL
155769,005600 -0000 -F33/ 45,3,BPPL ECON EMUL - WHITE,1,5126982,103,Ingredient,KGS,89.34,3,1.44,29.85,0,2666.799,92.0202,2746.80297,21-Oct-2022 11:44:53 AM,21-Oct-2022 11:44:53 AM,FIZZA NAEEM,FIZZA NAEEM
155769,005600 -0000 -F33/ 45,3,BPPL ECON EMUL - WHITE,1,82119,103,Product,KGS,100,3,1.44,63.84,65.7552,6384,103,6575.52,21-Oct-2022 11:44:53 AM,21-Oct-2022 11:44:53 AM,FIZZA NAEEM,FIZZA NAEEM
155769,005600 -0000 -F33/ 45,3,BPPL ECON EMUL - WHITE,2,6156541,103,Ingredient,KGS,0.52,3,1.44,592.98,0,308.3496,0.5356,317.600088,21-Oct-2022 11:44:53 AM,21-Oct-2022 11:44:53 AM,FIZZA NAEEM,FIZZA NAEEM
155769,005600 -0000 -F33/ 45,3,BPPL ECON EMUL - WHITE,3,6197559,103,Ingredient,KGS,0.45,3,1.44,1933.67,0,870.1515,0.4635,896.256045,21-Oct-2022 11:44:53 AM,21-Oct-2022 11:44:53 AM,FIZZA NAEEM,FIZZA NAEEM
155769,005600 -0000 -F33/ 45,3,BPPL ECON EMUL - WHITE,4,285,103,Ingredient,KGS,0.1,3,1.44,315,0,31.5,0.103,32.445,21-Oct-2022 11:44:53 AM,21-Oct-2022 11:44:53 AM,FIZZA NAEEM,FIZZA NAEEM
155769,005600 -0000 -F33/ 45,3,BPPL ECON EMUL - WHITE,5,6121501,103,Ingredient,KGS,0.8,3,1.44,252.49,0,201.992,0.824,208.05176,21-Oct-2022 11:44:53 AM,21-Oct-2022 11:44:53 AM,FIZZA NAEEM,FIZZA NAEEM
155769,005600 -0000 -F33/ 45,3,BPPL ECON EMUL - WHITE,6,6173565,103,Ingredient,KGS,0.5,3,1.44,681.67,0,340.835,0.515,351.06005,21-Oct-2022 11:44:53 AM,21-Oct-2022 11:44:53 AM,FIZZA NAEEM,FIZZA NAEEM
155769,005600 -0000 -F33/ 45,3,BPPL ECON EMUL - WHITE,7,46242,103,Ingredient,KGS,0.14,3,1.44,482.79,0,67.5906,0.1442,69.618318,21-Oct-2022 11:44:53 AM,21-Oct-2022 11:44:53 AM,FIZZA NAEEM,FIZZA NAEEM
155769,005600 -0000 -F33/ 45,3,BPPL ECON EMUL - WHITE,8,2240,103,Ingredient,KGS,0.2,3,1.44,0.01,0,0.002,0.206,0.00206,21-Oct-2022 11:44:53 AM,21-Oct-2022 11:44:53 AM,FIZZA NAEEM,FIZZA NAEEM
155769,005600 -0000 -F33/ 45,3,BPPL ECON EMUL - WHITE,9,4543850,103,Ingredient,KGS,6.9,3,1.44,226.09,0,1560.021,7.107,1606.82163,21-Oct-2022 11:44:53 AM,21-Oct-2022 11:44:53 AM,FIZZA NAEEM,FIZZA NAEEM
155769,005600 -0000 -F33/ 45,3,BPPL ECON EMUL - WHITE,10,30,103,Ingredient,KGS,0.05,3,1.44,398.97,0,19.9485,0.0515,20.546955,21-Oct-2022 11:44:53 AM,21-Oct-2022 11:44:53 AM,FIZZA NAEEM,FIZZA NAEEM
155769,005600 -0000 -F33/ 45,3,BPPL ECON EMUL - WHITE,11,2240,103,Ingredient,KGS,1,3,1.44,0.01,0,0.01,1.03,0.0103,21-Oct-2022 11:44:53 AM,21-Oct-2022 11:44:53 AM,FIZZA NAEEM,FIZZA NAEEM
155802,005600 -0000 -F33/ 45,4,BPPL ECON EMUL - WHITE,1,5126982,103,Ingredient,KGS,89.34,3,1.44,29.85,0,2666.799,92.0202,2746.80297,22-Oct-2022 09:33:47 AM,22-Oct-2022 09:33:47 AM,FIZZA NAEEM,FIZZA NAEEM
155802,005600 -0000 -F33/ 45,4,BPPL ECON EMUL - WHITE,1,82119,103,Product,KGS,100,3,1.44,63.84,65.7552,6384,103,6575.52,22-Oct-2022 09:33:47 AM,22-Oct-2022 09:33:47 AM,FIZZA NAEEM,FIZZA NAEEM
155802,005600 -0000 -F33/ 45,4,BPPL ECON EMUL - WHITE,2,6156541,103,Ingredient,KGS,0.52,3,1.44,592.98,0,308.3496,0.5356,317.600088,22-Oct-2022 09:33:47 AM,22-Oct-2022 09:33:47 AM,FIZZA NAEEM,FIZZA NAEEM
155802,005600 -0000 -F33/ 45,4,BPPL ECON EMUL - WHITE,3,6197559,103,Ingredient,KGS,0.45,3,1.44,1933.67,0,870.1515,0.4635,896.256045,22-Oct-2022 09:33:47 AM,22-Oct-2022 09:33:47 AM,FIZZA NAEEM,FIZZA NAEEM
155802,005600 -0000 -F33/ 45,4,BPPL ECON EMUL - WHITE,4,285,103,Ingredient,KGS,0.1,3,1.44,315,0,31.5,0.103,32.445,22-Oct-2022 09:33:47 AM,22-Oct-2022 09:33:47 AM,FIZZA NAEEM,FIZZA NAEEM
155802,005600 -0000 -F33/ 45,4,BPPL ECON EMUL - WHITE,5,6121501,103,Ingredient,KGS,0.8,3,1.44,252.49,0,201.992,0.824,208.05176,22-Oct-2022 09:33:47 AM,22-Oct-2022 09:33:47 AM,FIZZA NAEEM,FIZZA NAEEM
155802,005600 -0000 -F33/ 45,4,BPPL ECON EMUL - WHITE,6,6173565,103,Ingredient,KGS,0.5,3,1.44,681.67,0,340.835,0.515,351.06005,22-Oct-2022 09:33:47 AM,22-Oct-2022 09:33:47 AM,FIZZA NAEEM,FIZZA NAEEM
155802,005600 -0000 -F33/ 45,4,BPPL ECON EMUL - WHITE,7,46242,103,Ingredient,KGS,0.14,3,1.44,482.79,0,67.5906,0.1442,69.618318,22-Oct-2022 09:33:47 AM,22-Oct-2022 09:33:47 AM,FIZZA NAEEM,FIZZA NAEEM
155802,005600 -0000 -F33/ 45,4,BPPL ECON EMUL - WHITE,8,2240,103,Ingredient,KGS,0.2,3,1.44,0.01,0,0.002,0.206,0.00206,22-Oct-2022 09:33:47 AM,22-Oct-2022 09:33:47 AM,FIZZA NAEEM,FIZZA NAEEM
155802,005600 -0000 -F33/ 45,4,BPPL ECON EMUL - WHITE,9,4543850,103,Ingredient,KGS,6.9,3,1.44,226.09,0,1560.021,7.107,1606.82163,22-Oct-2022 09:33:47 AM,22-Oct-2022 09:33:47 AM,FIZZA NAEEM,FIZZA NAEEM
155802,005600 -0000 -F33/ 45,4,BPPL ECON EMUL - WHITE,10,30,103,Ingredient,KGS,0.05,3,1.44,398.97,0,19.9485,0.0515,20.546955,22-Oct-2022 09:33:47 AM,22-Oct-2022 09:33:47 AM,FIZZA NAEEM,FIZZA NAEEM
155802,005600 -0000 -F33/ 45,4,BPPL ECON EMUL - WHITE,11,2240,103,Ingredient,KGS,1,3,1.44,0.01,0,0.01,1.03,0.0103,22-Oct-2022 09:33:47 AM,22-Oct-2022 09:33:47 AM,FIZZA NAEEM,FIZZA NAEEM
156827,005600 -0000 -F33/ 45,5,BPPL ECON EMUL - WHITE,1,5126982,103,Ingredient,KGS,89.34,3,1.44,30.25,0,2702.535,92.0202,2783.61105,07-Dec-2022 12:57:54 PM,07-Dec-2022 12:57:54 PM,FIZZA NAEEM,FIZZA NAEEM
156827,005600 -0000 -F33/ 45,5,BPPL ECON EMUL - WHITE,1,82119,103,Product,KGS,100,3,1.44,62.53,64.4059,6253,103,6440.59,07-Dec-2022 12:57:54 PM,07-Dec-2022 12:57:54 PM,FIZZA NAEEM,FIZZA NAEEM
156827,005600 -0000 -F33/ 45,5,BPPL ECON EMUL - WHITE,2,6156541,103,Ingredient,KGS,0.52,3,1.44,556.24,0,289.2448,0.5356,297.922144,07-Dec-2022 12:57:54 PM,07-Dec-2022 12:57:54 PM,FIZZA NAEEM,FIZZA NAEEM
156827,005600 -0000 -F33/ 45,5,BPPL ECON EMUL - WHITE,3,58,103,Ingredient,KGS,0.45,3,1.44,2755.1,0,1239.795,0.4635,1276.98885,07-Dec-2022 12:57:54 PM,07-Dec-2022 12:57:54 PM,FIZZA NAEEM,FIZZA NAEEM
156827,005600 -0000 -F33/ 45,5,BPPL ECON EMUL - WHITE,4,285,103,Ingredient,KGS,0.1,3,1.44,335.63,0,33.563,0.103,34.56989,07-Dec-2022 12:57:54 PM,07-Dec-2022 12:57:54 PM,FIZZA NAEEM,FIZZA NAEEM
156827,005600 -0000 -F33/ 45,5,BPPL ECON EMUL - WHITE,5,6121501,103,Ingredient,KGS,0.8,3,1.44,246.27,0,197.016,0.824,202.92648,07-Dec-2022 12:57:54 PM,07-Dec-2022 12:57:54 PM,FIZZA NAEEM,FIZZA NAEEM
156827,005600 -0000 -F33/ 45,5,BPPL ECON EMUL - WHITE,6,6173565,103,Ingredient,KGS,0.5,3,1.44,427.48,0,213.74,0.515,220.1522,07-Dec-2022 12:57:54 PM,07-Dec-2022 12:57:54 PM,FIZZA NAEEM,FIZZA NAEEM
156827,005600 -0000 -F33/ 45,5,BPPL ECON EMUL - WHITE,7,46242,103,Ingredient,KGS,0.14,3,1.44,482.79,0,67.5906,0.1442,69.618318,07-Dec-2022 12:57:54 PM,07-Dec-2022 12:57:54 PM,FIZZA NAEEM,FIZZA NAEEM
156827,005600 -0000 -F33/ 45,5,BPPL ECON EMUL - WHITE,8,2240,103,Ingredient,KGS,0.2,3,1.44,0.01,0,0.002,0.206,0.00206,07-Dec-2022 12:57:54 PM,07-Dec-2022 12:57:54 PM,FIZZA NAEEM,FIZZA NAEEM
156827,005600 -0000 -F33/ 45,5,BPPL ECON EMUL - WHITE,9,4543850,103,Ingredient,KGS,6.9,3,1.44,205.04,0,1414.776,7.107,1457.21928,07-Dec-2022 12:57:54 PM,07-Dec-2022 12:57:54 PM,FIZZA NAEEM,FIZZA NAEEM
156827,005600 -0000 -F33/ 45,5,BPPL ECON EMUL - WHITE,10,30,103,Ingredient,KGS,0.05,3,1.44,408.61,0,20.4305,0.0515,21.043415,07-Dec-2022 12:57:54 PM,07-Dec-2022 12:57:54 PM,FIZZA NAEEM,FIZZA NAEEM
156827,005600 -0000 -F33/ 45,5,BPPL ECON EMUL - WHITE,11,2240,103,Ingredient,KGS,1,3,1.44,0.01,0,0.01,1.03,0.0103,07-Dec-2022 12:57:54 PM,07-Dec-2022 12:57:54 PM,FIZZA NAEEM,FIZZA NAEEM
157095,005600 -0000 -F33/ 45,6,BPPL ECON EMUL - WHITE,1,5126982,103,Ingredient,KGS,89.34,3,1.44,30.25,0,2702.535,92.0202,2783.61105,20-Dec-2022 02:04:43 PM,20-Dec-2022 02:04:43 PM,FIZZA NAEEM,FIZZA NAEEM
157095,005600 -0000 -F33/ 45,6,BPPL ECON EMUL - WHITE,1,82119,103,Product,KGS,100,3,1.44,62.53,64.4059,6253,103,6440.59,20-Dec-2022 02:04:43 PM,20-Dec-2022 02:04:43 PM,FIZZA NAEEM,FIZZA NAEEM
157095,005600 -0000 -F33/ 45,6,BPPL ECON EMUL - WHITE,2,710,103,Ingredient,KGS,0.52,3,1.44,543.52,0,282.6304,0.5356,291.109312,20-Dec-2022 02:04:43 PM,20-Dec-2022 02:04:43 PM,FIZZA NAEEM,FIZZA NAEEM
157095,005600 -0000 -F33/ 45,6,BPPL ECON EMUL - WHITE,3,58,103,Ingredient,KGS,0.45,3,1.44,2755.1,0,1239.795,0.4635,1276.98885,20-Dec-2022 02:04:43 PM,20-Dec-2022 02:04:43 PM,FIZZA NAEEM,FIZZA NAEEM
157095,005600 -0000 -F33/ 45,6,BPPL ECON EMUL - WHITE,4,285,103,Ingredient,KGS,0.1,3,1.44,335.63,0,33.563,0.103,34.56989,20-Dec-2022 02:04:43 PM,20-Dec-2022 02:04:43 PM,FIZZA NAEEM,FIZZA NAEEM
157095,005600 -0000 -F33/ 45,6,BPPL ECON EMUL - WHITE,5,6121501,103,Ingredient,KGS,0.8,3,1.44,246.27,0,197.016,0.824,202.92648,20-Dec-2022 02:04:43 PM,20-Dec-2022 02:04:43 PM,FIZZA NAEEM,FIZZA NAEEM
157095,005600 -0000 -F33/ 45,6,BPPL ECON EMUL - WHITE,6,6173565,103,Ingredient,KGS,0.5,3,1.44,427.48,0,213.74,0.515,220.1522,20-Dec-2022 02:04:43 PM,20-Dec-2022 02:04:43 PM,FIZZA NAEEM,FIZZA NAEEM
157095,005600 -0000 -F33/ 45,6,BPPL ECON EMUL - WHITE,7,46242,103,Ingredient,KGS,0.14,3,1.44,482.79,0,67.5906,0.1442,69.618318,20-Dec-2022 02:04:43 PM,20-Dec-2022 02:04:43 PM,FIZZA NAEEM,FIZZA NAEEM
157095,005600 -0000 -F33/ 45,6,BPPL ECON EMUL - WHITE,8,2240,103,Ingredient,KGS,0.2,3,1.44,0.01,0,0.002,0.206,0.00206,20-Dec-2022 02:04:43 PM,20-Dec-2022 02:04:43 PM,FIZZA NAEEM,FIZZA NAEEM
157095,005600 -0000 -F33/ 45,6,BPPL ECON EMUL - WHITE,9,4543850,103,Ingredient,KGS,6.9,3,1.44,205.04,0,1414.776,7.107,1457.21928,20-Dec-2022 02:04:43 PM,20-Dec-2022 02:04:43 PM,FIZZA NAEEM,FIZZA NAEEM
157095,005600 -0000 -F33/ 45,6,BPPL ECON EMUL - WHITE,10,30,103,Ingredient,KGS,0.05,3,1.44,408.61,0,20.4305,0.0515,21.043415,20-Dec-2022 02:04:43 PM,20-Dec-2022 02:04:43 PM,FIZZA NAEEM,FIZZA NAEEM
157095,005600 -0000 -F33/ 45,6,BPPL ECON EMUL - WHITE,11,2240,103,Ingredient,KGS,1,3,1.44,0.01,0,0.01,1.03,0.0103,20-Dec-2022 02:04:43 PM,20-Dec-2022 02:04:43 PM,FIZZA NAEEM,FIZZA NAEEM
157478,005600 -0000 -F33/ 45,7,BPPL ECON EMUL - WHITE,1,5126982,103,Ingredient,KGS,89.34,3,1.44,30.26,0,2703.4284,92.0202,2784.531252,06-Jan-2023 12:46:24 PM,06-Jan-2023 12:46:24 PM,FIZZA NAEEM,FIZZA NAEEM
157478,005600 -0000 -F33/ 45,7,BPPL ECON EMUL - WHITE,1,82119,103,Product,KGS,100,3,1.44,61.98,63.8394,6198,103,6383.94,06-Jan-2023 12:46:24 PM,06-Jan-2023 12:46:24 PM,FIZZA NAEEM,FIZZA NAEEM
157478,005600 -0000 -F33/ 45,7,BPPL ECON EMUL - WHITE,2,6156541,103,Ingredient,KGS,0.52,3,1.44,664.15,0,345.358,0.5356,355.71874,06-Jan-2023 12:46:24 PM,06-Jan-2023 12:46:24 PM,FIZZA NAEEM,FIZZA NAEEM
157478,005600 -0000 -F33/ 45,7,BPPL ECON EMUL - WHITE,3,6197559,103,Ingredient,KGS,0.45,3,1.44,1928.6,0,867.87,0.4635,893.9061,06-Jan-2023 12:46:24 PM,06-Jan-2023 12:46:24 PM,FIZZA NAEEM,FIZZA NAEEM
157478,005600 -0000 -F33/ 45,7,BPPL ECON EMUL - WHITE,4,285,103,Ingredient,KGS,0.1,3,1.44,337.4,0,33.74,0.103,34.7522,06-Jan-2023 12:46:24 PM,06-Jan-2023 12:46:24 PM,FIZZA NAEEM,FIZZA NAEEM
157478,005600 -0000 -F33/ 45,7,BPPL ECON EMUL - WHITE,5,6121501,103,Ingredient,KGS,0.8,3,1.44,249.82,0,199.856,0.824,205.85168,06-Jan-2023 12:46:24 PM,06-Jan-2023 12:46:24 PM,FIZZA NAEEM,FIZZA NAEEM
157478,005600 -0000 -F33/ 45,7,BPPL ECON EMUL - WHITE,6,6173565,103,Ingredient,KGS,0.5,3,1.44,427.48,0,213.74,0.515,220.1522,06-Jan-2023 12:46:24 PM,06-Jan-2023 12:46:24 PM,FIZZA NAEEM,FIZZA NAEEM
157478,005600 -0000 -F33/ 45,7,BPPL ECON EMUL - WHITE,7,46242,103,Ingredient,KGS,0.14,3,1.44,482.79,0,67.5906,0.1442,69.618318,06-Jan-2023 12:46:24 PM,06-Jan-2023 12:46:24 PM,FIZZA NAEEM,FIZZA NAEEM
157478,005600 -0000 -F33/ 45,7,BPPL ECON EMUL - WHITE,8,2240,103,Ingredient,KGS,0.2,3,1.44,0.01,0,0.002,0.206,0.00206,06-Jan-2023 12:46:24 PM,06-Jan-2023 12:46:24 PM,FIZZA NAEEM,FIZZA NAEEM
157478,005600 -0000 -F33/ 45,7,BPPL ECON EMUL - WHITE,9,4543850,103,Ingredient,KGS,6.9,3,1.44,200.56,0,1383.864,7.107,1425.37992,06-Jan-2023 12:46:24 PM,06-Jan-2023 12:46:24 PM,FIZZA NAEEM,FIZZA NAEEM
157478,005600 -0000 -F33/ 45,7,BPPL ECON EMUL - WHITE,10,30,103,Ingredient,KGS,0.05,3,1.44,409.3,0,20.465,0.0515,21.07895,06-Jan-2023 12:46:24 PM,06-Jan-2023 12:46:24 PM,FIZZA NAEEM,FIZZA NAEEM
157478,005600 -0000 -F33/ 45,7,BPPL ECON EMUL - WHITE,11,2240,103,Ingredient,KGS,1,3,1.44,0.01,0,0.01,1.03,0.0103,06-Jan-2023 12:46:24 PM,06-Jan-2023 12:46:24 PM,FIZZA NAEEM,FIZZA NAEEM
157688,005600 -0000 -F33/ 45,8,BPPL ECON EMUL - WHITE,1,82119,103,Product,KGS,100,3,1.44,61.98,63.8394,6198,103,6383.94,12-Jan-2023 05:20:12 PM,12-Jan-2023 05:20:12 PM,FIZZA NAEEM,FIZZA NAEEM
157688,005600 -0000 -F33/ 45,8,BPPL ECON EMUL - WHITE,1,5126982,103,Ingredient,KGS,89.34,3,1.44,30.26,0,2703.4284,92.0202,2784.531252,12-Jan-2023 05:20:12 PM,12-Jan-2023 05:20:12 PM,FIZZA NAEEM,FIZZA NAEEM
157688,005600 -0000 -F33/ 45,8,BPPL ECON EMUL - WHITE,2,6156541,103,Ingredient,KGS,0.52,3,1.44,664.15,0,345.358,0.5356,355.71874,12-Jan-2023 05:20:12 PM,12-Jan-2023 05:20:12 PM,FIZZA NAEEM,FIZZA NAEEM
157688,005600 -0000 -F33/ 45,8,BPPL ECON EMUL - WHITE,3,6197559,103,Ingredient,KGS,0.45,3,1.44,1928.6,0,867.87,0.4635,893.9061,12-Jan-2023 05:20:12 PM,12-Jan-2023 05:20:12 PM,FIZZA NAEEM,FIZZA NAEEM
157688,005600 -0000 -F33/ 45,8,BPPL ECON EMUL - WHITE,4,285,103,Ingredient,KGS,0.1,3,1.44,337.4,0,33.74,0.103,34.7522,12-Jan-2023 05:20:12 PM,12-Jan-2023 05:20:12 PM,FIZZA NAEEM,FIZZA NAEEM
157688,005600 -0000 -F33/ 45,8,BPPL ECON EMUL - WHITE,5,6121501,103,Ingredient,KGS,0.8,3,1.44,249.82,0,199.856,0.824,205.85168,12-Jan-2023 05:20:12 PM,12-Jan-2023 05:20:12 PM,FIZZA NAEEM,FIZZA NAEEM
157688,005600 -0000 -F33/ 45,8,BPPL ECON EMUL - WHITE,6,6173565,103,Ingredient,KGS,0.5,3,1.44,427.48,0,213.74,0.515,220.1522,12-Jan-2023 05:20:12 PM,12-Jan-2023 05:20:12 PM,FIZZA NAEEM,FIZZA NAEEM
157688,005600 -0000 -F33/ 45,8,BPPL ECON EMUL - WHITE,7,46242,103,Ingredient,KGS,0.14,3,1.44,482.79,0,67.5906,0.1442,69.618318,12-Jan-2023 05:20:12 PM,12-Jan-2023 05:20:12 PM,FIZZA NAEEM,FIZZA NAEEM
157688,005600 -0000 -F33/ 45,8,BPPL ECON EMUL - WHITE,8,2240,103,Ingredient,KGS,0.2,3,1.44,0.01,0,0.002,0.206,0.00206,12-Jan-2023 05:20:12 PM,12-Jan-2023 05:20:12 PM,FIZZA NAEEM,FIZZA NAEEM
157688,005600 -0000 -F33/ 45,8,BPPL ECON EMUL - WHITE,9,6143498,103,Ingredient,KGS,6.9,3,1.44,275.64,0,1901.916,7.107,1958.97348,12-Jan-2023 05:20:12 PM,12-Jan-2023 05:20:12 PM,FIZZA NAEEM,FIZZA NAEEM
157688,005600 -0000 -F33/ 45,8,BPPL ECON EMUL - WHITE,10,30,103,Ingredient,KGS,0.05,3,1.44,409.3,0,20.465,0.0515,21.07895,12-Jan-2023 05:20:12 PM,12-Jan-2023 05:20:12 PM,FIZZA NAEEM,FIZZA NAEEM
157688,005600 -0000 -F33/ 45,8,BPPL ECON EMUL - WHITE,11,2240,103,Ingredient,KGS,1,3,1.44,0.01,0,0.01,1.03,0.0103,12-Jan-2023 05:20:12 PM,12-Jan-2023 05:20:12 PM,FIZZA NAEEM,FIZZA NAEEM
158197,005600 -0000 -F33/ 45,11,BPPL ECON EMUL - WHITE,1,5126982,103,Ingredient,KGS,89.34,3,1.44,32.21,0,2877.6414,92.0202,2963.970642,10-Feb-2023 02:29:37 PM,10-Feb-2023 02:29:37 PM,FIZZA NAEEM,FIZZA NAEEM
158197,005600 -0000 -F33/ 45,11,BPPL ECON EMUL - WHITE,1,82119,103,Product,KGS,100,3,1.44,67.6,69.628,6760,103,6962.8,10-Feb-2023 02:29:37 PM,10-Feb-2023 02:29:37 PM,FIZZA NAEEM,FIZZA NAEEM
158197,005600 -0000 -F33/ 45,11,BPPL ECON EMUL - WHITE,2,6156541,103,Ingredient,KGS,0.52,3,1.44,590.6,0,307.112,0.5356,316.32536,10-Feb-2023 02:29:37 PM,10-Feb-2023 02:29:37 PM,FIZZA NAEEM,FIZZA NAEEM
158197,005600 -0000 -F33/ 45,11,BPPL ECON EMUL - WHITE,3,6197559,103,Ingredient,KGS,0.45,3,1.44,1928.6,0,867.87,0.4635,893.9061,10-Feb-2023 02:29:37 PM,10-Feb-2023 02:29:37 PM,FIZZA NAEEM,FIZZA NAEEM
158197,005600 -0000 -F33/ 45,11,BPPL ECON EMUL - WHITE,4,285,103,Ingredient,KGS,0.1,3,1.44,337.4,0,33.74,0.103,34.7522,10-Feb-2023 02:29:37 PM,10-Feb-2023 02:29:37 PM,FIZZA NAEEM,FIZZA NAEEM
158197,005600 -0000 -F33/ 45,11,BPPL ECON EMUL - WHITE,5,6121501,103,Ingredient,KGS,0.8,3,1.44,270.99,0,216.792,0.824,223.29576,10-Feb-2023 02:29:37 PM,10-Feb-2023 02:29:37 PM,FIZZA NAEEM,FIZZA NAEEM
158197,005600 -0000 -F33/ 45,11,BPPL ECON EMUL - WHITE,6,6173565,103,Ingredient,KGS,0.5,3,1.44,569.49,0,284.745,0.515,293.28735,10-Feb-2023 02:29:37 PM,10-Feb-2023 02:29:37 PM,FIZZA NAEEM,FIZZA NAEEM
158197,005600 -0000 -F33/ 45,11,BPPL ECON EMUL - WHITE,7,46242,103,Ingredient,KGS,0.14,3,1.44,482.79,0,67.5906,0.1442,69.618318,10-Feb-2023 02:29:37 PM,10-Feb-2023 02:29:37 PM,FIZZA NAEEM,FIZZA NAEEM
158197,005600 -0000 -F33/ 45,11,BPPL ECON EMUL - WHITE,8,2240,103,Ingredient,KGS,0.2,3,1.44,0.01,0,0.002,0.206,0.00206,10-Feb-2023 02:29:37 PM,10-Feb-2023 02:29:37 PM,FIZZA NAEEM,FIZZA NAEEM
158197,005600 -0000 -F33/ 45,11,BPPL ECON EMUL - WHITE,9,4125839,103,Ingredient,KGS,6.9,3,1.44,318.68,0,2198.892,7.107,2264.85876,10-Feb-2023 02:29:37 PM,10-Feb-2023 02:29:37 PM,FIZZA NAEEM,FIZZA NAEEM
158197,005600 -0000 -F33/ 45,11,BPPL ECON EMUL - WHITE,10,30,103,Ingredient,KGS,0.05,3,1.44,464.61,0,23.2305,0.0515,23.927415,10-Feb-2023 02:29:37 PM,10-Feb-2023 02:29:37 PM,FIZZA NAEEM,FIZZA NAEEM
158197,005600 -0000 -F33/ 45,11,BPPL ECON EMUL - WHITE,11,2240,103,Ingredient,KGS,1,3,1.44,0.01,0,0.01,1.03,0.0103,10-Feb-2023 02:29:37 PM,10-Feb-2023 02:29:37 PM,FIZZA NAEEM,FIZZA NAEEM
158414,005600 -0000 -F33/ 45,12,BPPL ECON EMUL - WHITE,1,5126982,103,Ingredient,KGS,89.34,3,1.44,32.21,0,2877.6414,92.0202,2963.970642,24-Feb-2023 09:44:13 AM,24-Feb-2023 09:44:13 AM,FIZZA NAEEM,FIZZA NAEEM
158414,005600 -0000 -F33/ 45,12,BPPL ECON EMUL - WHITE,1,82119,103,Product,KGS,100,3,1.44,67.6,69.628,6760,103,6962.8,24-Feb-2023 09:44:13 AM,24-Feb-2023 09:44:13 AM,FIZZA NAEEM,FIZZA NAEEM
158414,005600 -0000 -F33/ 45,12,BPPL ECON EMUL - WHITE,2,6192555,103,Ingredient,KGS,0.52,3,1.44,653.87,0,340.0124,0.5356,350.212772,24-Feb-2023 09:44:13 AM,24-Feb-2023 09:44:13 AM,FIZZA NAEEM,FIZZA NAEEM
158414,005600 -0000 -F33/ 45,12,BPPL ECON EMUL - WHITE,3,6197559,103,Ingredient,KGS,0.45,3,1.44,1928.6,0,867.87,0.4635,893.9061,24-Feb-2023 09:44:13 AM,24-Feb-2023 09:44:13 AM,FIZZA NAEEM,FIZZA NAEEM
158414,005600 -0000 -F33/ 45,12,BPPL ECON EMUL - WHITE,4,285,103,Ingredient,KGS,0.1,3,1.44,337.4,0,33.74,0.103,34.7522,24-Feb-2023 09:44:13 AM,24-Feb-2023 09:44:13 AM,FIZZA NAEEM,FIZZA NAEEM
158414,005600 -0000 -F33/ 45,12,BPPL ECON EMUL - WHITE,5,6121501,103,Ingredient,KGS,0.8,3,1.44,270.99,0,216.792,0.824,223.29576,24-Feb-2023 09:44:13 AM,24-Feb-2023 09:44:13 AM,FIZZA NAEEM,FIZZA NAEEM
158414,005600 -0000 -F33/ 45,12,BPPL ECON EMUL - WHITE,6,6173565,103,Ingredient,KGS,0.5,3,1.44,569.49,0,284.745,0.515,293.28735,24-Feb-2023 09:44:13 AM,24-Feb-2023 09:44:13 AM,FIZZA NAEEM,FIZZA NAEEM
158414,005600 -0000 -F33/ 45,12,BPPL ECON EMUL - WHITE,7,46242,103,Ingredient,KGS,0.14,3,1.44,482.79,0,67.5906,0.1442,69.618318,24-Feb-2023 09:44:13 AM,24-Feb-2023 09:44:13 AM,FIZZA NAEEM,FIZZA NAEEM
158414,005600 -0000 -F33/ 45,12,BPPL ECON EMUL - WHITE,8,2240,103,Ingredient,KGS,0.2,3,1.44,0.01,0,0.002,0.206,0.00206,24-Feb-2023 09:44:13 AM,24-Feb-2023 09:44:13 AM,FIZZA NAEEM,FIZZA NAEEM
158414,005600 -0000 -F33/ 45,12,BPPL ECON EMUL - WHITE,9,4543850,103,Ingredient,KGS,6.9,3,1.44,209.91,0,1448.379,7.107,1491.83037,24-Feb-2023 09:44:13 AM,24-Feb-2023 09:44:13 AM,FIZZA NAEEM,FIZZA NAEEM
158414,005600 -0000 -F33/ 45,12,BPPL ECON EMUL - WHITE,10,30,103,Ingredient,KGS,0.05,3,1.44,464.61,0,23.2305,0.0515,23.927415,24-Feb-2023 09:44:13 AM,24-Feb-2023 09:44:13 AM,FIZZA NAEEM,FIZZA NAEEM
158414,005600 -0000 -F33/ 45,12,BPPL ECON EMUL - WHITE,11,2240,103,Ingredient,KGS,1,3,1.44,0.01,0,0.01,1.03,0.0103,24-Feb-2023 09:44:13 AM,24-Feb-2023 09:44:13 AM,FIZZA NAEEM,FIZZA NAEEM
158671,005600 -0000 -F33/ 45,13,BPPL ECON EMUL - WHITE,1,82119,103,Product,KGS,100,3,1.44,75.12,77.3736,7512,103,7737.36,13-Mar-2023 04:37:35 PM,13-Mar-2023 04:37:35 PM,FIZZA NAEEM,FIZZA NAEEM
158671,005600 -0000 -F33/ 45,13,BPPL ECON EMUL - WHITE,1,5126982,103,Ingredient,KGS,89.34,3,1.44,34.47,0,3079.5498,92.0202,3171.936294,13-Mar-2023 04:37:35 PM,13-Mar-2023 04:37:35 PM,FIZZA NAEEM,FIZZA NAEEM
158671,005600 -0000 -F33/ 45,13,BPPL ECON EMUL - WHITE,2,6156541,103,Ingredient,KGS,0.52,3,1.44,1114.49,0,579.5348,0.5356,596.920844,13-Mar-2023 04:37:35 PM,13-Mar-2023 04:37:35 PM,FIZZA NAEEM,FIZZA NAEEM
158671,005600 -0000 -F33/ 45,13,BPPL ECON EMUL - WHITE,3,53,103,Ingredient,KGS,0.45,3,1.44,2662.9,0,1198.305,0.4635,1234.25415,13-Mar-2023 04:37:35 PM,13-Mar-2023 04:37:35 PM,FIZZA NAEEM,FIZZA NAEEM
158671,005600 -0000 -F33/ 45,13,BPPL ECON EMUL - WHITE,4,285,103,Ingredient,KGS,0.1,3,1.44,468.94,0,46.894,0.103,48.30082,13-Mar-2023 04:37:35 PM,13-Mar-2023 04:37:35 PM,FIZZA NAEEM,FIZZA NAEEM
158671,005600 -0000 -F33/ 45,13,BPPL ECON EMUL - WHITE,5,6121501,103,Ingredient,KGS,0.8,3,1.44,276.37,0,221.096,0.824,227.72888,13-Mar-2023 04:37:35 PM,13-Mar-2023 04:37:35 PM,FIZZA NAEEM,FIZZA NAEEM
158671,005600 -0000 -F33/ 45,13,BPPL ECON EMUL - WHITE,6,6173565,103,Ingredient,KGS,0.5,3,1.44,555.08,0,277.54,0.515,285.8662,13-Mar-2023 04:37:35 PM,13-Mar-2023 04:37:35 PM,FIZZA NAEEM,FIZZA NAEEM
158671,005600 -0000 -F33/ 45,13,BPPL ECON EMUL - WHITE,7,46242,103,Ingredient,KGS,0.14,3,1.44,636.36,0,89.0904,0.1442,91.763112,13-Mar-2023 04:37:35 PM,13-Mar-2023 04:37:35 PM,FIZZA NAEEM,FIZZA NAEEM
158671,005600 -0000 -F33/ 45,13,BPPL ECON EMUL - WHITE,8,2240,103,Ingredient,KGS,0.2,3,1.44,0.01,0,0.002,0.206,0.00206,13-Mar-2023 04:37:35 PM,13-Mar-2023 04:37:35 PM,FIZZA NAEEM,FIZZA NAEEM
158671,005600 -0000 -F33/ 45,13,BPPL ECON EMUL - WHITE,9,4543850,103,Ingredient,KGS,6.9,3,1.44,290.35,0,2003.415,7.107,2063.51745,13-Mar-2023 04:37:35 PM,13-Mar-2023 04:37:35 PM,FIZZA NAEEM,FIZZA NAEEM
158671,005600 -0000 -F33/ 45,13,BPPL ECON EMUL - WHITE,10,30,103,Ingredient,KGS,0.05,3,1.44,482.35,0,24.1175,0.0515,24.841025,13-Mar-2023 04:37:35 PM,13-Mar-2023 04:37:35 PM,FIZZA NAEEM,FIZZA NAEEM
158671,005600 -0000 -F33/ 45,13,BPPL ECON EMUL - WHITE,11,2240,103,Ingredient,KGS,1,3,1.44,0.01,0,0.01,1.03,0.0103,13-Mar-2023 04:37:35 PM,13-Mar-2023 04:37:35 PM,FIZZA NAEEM,FIZZA NAEEM
159109,005600 -0000 -F33/ 45,14,BPPL ECON EMUL - WHITE,1,82119,103,Product,KGS,100,3,1.44,78.51,80.8653,7851,103,8086.53,06-Apr-2023 07:53:23 AM,06-Apr-2023 07:53:23 AM,FIZZA NAEEM,FIZZA NAEEM
159109,005600 -0000 -F33/ 45,14,BPPL ECON EMUL - WHITE,1,5126982,103,Ingredient,KGS,89.34,3,1.44,36.16,0,3230.5344,92.0202,3327.450432,06-Apr-2023 07:53:23 AM,06-Apr-2023 07:53:23 AM,FIZZA NAEEM,FIZZA NAEEM
159109,005600 -0000 -F33/ 45,14,BPPL ECON EMUL - WHITE,2,6156541,103,Ingredient,KGS,0.52,3,1.44,1130.93,0,588.0836,0.5356,605.726108,06-Apr-2023 07:53:23 AM,06-Apr-2023 07:53:23 AM,FIZZA NAEEM,FIZZA NAEEM
159109,005600 -0000 -F33/ 45,14,BPPL ECON EMUL - WHITE,3,6402742,103,Ingredient,KGS,0.45,3,1.44,3189.95,0,1435.4775,0.4635,1478.541825,06-Apr-2023 07:53:23 AM,06-Apr-2023 07:53:23 AM,FIZZA NAEEM,FIZZA NAEEM
159109,005600 -0000 -F33/ 45,14,BPPL ECON EMUL - WHITE,4,285,103,Ingredient,KGS,0.1,3,1.44,468.94,0,46.894,0.103,48.30082,06-Apr-2023 07:53:23 AM,06-Apr-2023 07:53:23 AM,FIZZA NAEEM,FIZZA NAEEM
159109,005600 -0000 -F33/ 45,14,BPPL ECON EMUL - WHITE,5,6121501,103,Ingredient,KGS,0.8,3,1.44,268.87,0,215.096,0.824,221.54888,06-Apr-2023 07:53:23 AM,06-Apr-2023 07:53:23 AM,FIZZA NAEEM,FIZZA NAEEM
159109,005600 -0000 -F33/ 45,14,BPPL ECON EMUL - WHITE,6,6173565,103,Ingredient,KGS,0.5,3,1.44,538.4,0,269.2,0.515,277.276,06-Apr-2023 07:53:23 AM,06-Apr-2023 07:53:23 AM,FIZZA NAEEM,FIZZA NAEEM
159109,005600 -0000 -F33/ 45,14,BPPL ECON EMUL - WHITE,7,46242,103,Ingredient,KGS,0.14,3,1.44,636.36,0,89.0904,0.1442,91.763112,06-Apr-2023 07:53:23 AM,06-Apr-2023 07:53:23 AM,FIZZA NAEEM,FIZZA NAEEM
159109,005600 -0000 -F33/ 45,14,BPPL ECON EMUL - WHITE,8,2240,103,Ingredient,KGS,0.2,3,1.44,0.01,0,0.002,0.206,0.00206,06-Apr-2023 07:53:23 AM,06-Apr-2023 07:53:23 AM,FIZZA NAEEM,FIZZA NAEEM
159109,005600 -0000 -F33/ 45,14,BPPL ECON EMUL - WHITE,9,4543850,103,Ingredient,KGS,6.9,3,1.44,289.88,0,2000.172,7.107,2060.17716,06-Apr-2023 07:53:23 AM,06-Apr-2023 07:53:23 AM,FIZZA NAEEM,FIZZA NAEEM
159109,005600 -0000 -F33/ 45,14,BPPL ECON EMUL - WHITE,10,30,103,Ingredient,KGS,0.05,3,1.44,482.35,0,24.1175,0.0515,24.841025,06-Apr-2023 07:53:23 AM,06-Apr-2023 07:53:23 AM,FIZZA NAEEM,FIZZA NAEEM
159109,005600 -0000 -F33/ 45,14,BPPL ECON EMUL - WHITE,11,2240,103,Ingredient,KGS,1,3,1.44,0.01,0,0.01,1.03,0.0103,06-Apr-2023 07:53:23 AM,06-Apr-2023 07:53:23 AM,FIZZA NAEEM,FIZZA NAEEM
159831,005600 -0000 -F33/ 45,15,BPPL ECON EMUL - WHITE,1,82119,103,Product,KGS,100,3,1.44,81.25,83.6875,8125,103,8368.75,29-May-2023 10:44:47 AM,29-May-2023 10:44:47 AM,KHURSHID IMAM,KHURSHID IMAM
159831,005600 -0000 -F33/ 45,15,BPPL ECON EMUL - WHITE,1,5126982,103,Ingredient,KGS,89.34,3,1.44,36.98,0,3303.7932,92.0202,3402.906996,29-May-2023 10:44:47 AM,29-May-2023 10:44:47 AM,KHURSHID IMAM,KHURSHID IMAM
159831,005600 -0000 -F33/ 45,15,BPPL ECON EMUL - WHITE,2,6192555,103,Ingredient,KGS,0.52,3,1.44,1181.9,0,614.588,0.5356,633.02564,29-May-2023 10:44:47 AM,29-May-2023 10:44:47 AM,KHURSHID IMAM,KHURSHID IMAM
159831,005600 -0000 -F33/ 45,15,BPPL ECON EMUL - WHITE,3,6402742,103,Ingredient,KGS,0.45,3,1.44,3189.99,0,1435.4955,0.4635,1478.560365,29-May-2023 10:44:47 AM,29-May-2023 10:44:47 AM,KHURSHID IMAM,KHURSHID IMAM
159831,005600 -0000 -F33/ 45,15,BPPL ECON EMUL - WHITE,4,285,103,Ingredient,KGS,0.1,3,1.44,501.42,0,50.142,0.103,51.64626,29-May-2023 10:44:47 AM,29-May-2023 10:44:47 AM,KHURSHID IMAM,KHURSHID IMAM
159831,005600 -0000 -F33/ 45,15,BPPL ECON EMUL - WHITE,5,6121501,103,Ingredient,KGS,0.8,3,1.44,271.76,0,217.408,0.824,223.93024,29-May-2023 10:44:47 AM,29-May-2023 10:44:47 AM,KHURSHID IMAM,KHURSHID IMAM
159831,005600 -0000 -F33/ 45,15,BPPL ECON EMUL - WHITE,6,6173565,103,Ingredient,KGS,0.5,3,1.44,538.4,0,269.2,0.515,277.276,29-May-2023 10:44:47 AM,29-May-2023 10:44:47 AM,KHURSHID IMAM,KHURSHID IMAM
159831,005600 -0000 -F33/ 45,15,BPPL ECON EMUL - WHITE,7,46242,103,Ingredient,KGS,0.14,3,1.44,636.36,0,89.0904,0.1442,91.763112,29-May-2023 10:44:47 AM,29-May-2023 10:44:47 AM,KHURSHID IMAM,KHURSHID IMAM
159831,005600 -0000 -F33/ 45,15,BPPL ECON EMUL - WHITE,8,2240,103,Ingredient,KGS,0.2,3,1.44,0.01,0,0.002,0.206,0.00206,29-May-2023 10:44:47 AM,29-May-2023 10:44:47 AM,KHURSHID IMAM,KHURSHID IMAM
159831,005600 -0000 -F33/ 45,15,BPPL ECON EMUL - WHITE,9,4543850,103,Ingredient,KGS,6.9,3,1.44,292.51,0,2018.319,7.107,2078.86857,29-May-2023 10:44:47 AM,29-May-2023 10:44:47 AM,KHURSHID IMAM,KHURSHID IMAM
159831,005600 -0000 -F33/ 45,15,BPPL ECON EMUL - WHITE,10,30,103,Ingredient,KGS,0.05,3,1.44,462.88,0,23.144,0.0515,23.83832,29-May-2023 10:44:47 AM,29-May-2023 10:44:47 AM,KHURSHID IMAM,KHURSHID IMAM
159831,005600 -0000 -F33/ 45,15,BPPL ECON EMUL - WHITE,11,2240,103,Ingredient,KGS,1,3,1.44,0.01,0,0.01,1.03,0.0103,29-May-2023 10:44:47 AM,29-May-2023 10:44:47 AM,KHURSHID IMAM,KHURSHID IMAM
160734,005600 -0000 -F33/ 45,16,BPPL ECON EMUL - WHITE,1,82119,103,Product,KGS,100,3,1.44,79.2,81.576,7920,103,8157.6,16-Jul-2023 03:39:00 PM,16-Jul-2023 03:39:00 PM,FIZZA NAEEM,FIZZA NAEEM
160734,005600 -0000 -F33/ 45,16,BPPL ECON EMUL - WHITE,1,5126982,103,Ingredient,KGS,89.34,3,1.44,36.17,0,3231.4278,92.0202,3328.370634,16-Jul-2023 03:39:00 PM,16-Jul-2023 03:39:00 PM,FIZZA NAEEM,FIZZA NAEEM
160734,005600 -0000 -F33/ 45,16,BPPL ECON EMUL - WHITE,2,6156541,103,Ingredient,KGS,0.52,3,1.44,771.89,0,401.3828,0.5356,413.424284,16-Jul-2023 03:39:00 PM,16-Jul-2023 03:39:00 PM,FIZZA NAEEM,FIZZA NAEEM
160734,005600 -0000 -F33/ 45,16,BPPL ECON EMUL - WHITE,3,6402742,103,Ingredient,KGS,0.45,3,1.44,3190,0,1435.5,0.4635,1478.565,16-Jul-2023 03:39:00 PM,16-Jul-2023 03:39:00 PM,FIZZA NAEEM,FIZZA NAEEM
160734,005600 -0000 -F33/ 45,16,BPPL ECON EMUL - WHITE,4,283,103,Ingredient,KGS,0.1,3,1.44,514.98,0,51.498,0.103,53.04294,16-Jul-2023 03:39:00 PM,16-Jul-2023 03:39:00 PM,FIZZA NAEEM,FIZZA NAEEM
160734,005600 -0000 -F33/ 45,16,BPPL ECON EMUL - WHITE,5,6121501,103,Ingredient,KGS,0.8,3,1.44,275.72,0,220.576,0.824,227.19328,16-Jul-2023 03:39:00 PM,16-Jul-2023 03:39:00 PM,FIZZA NAEEM,FIZZA NAEEM
160734,005600 -0000 -F33/ 45,16,BPPL ECON EMUL - WHITE,6,6173565,103,Ingredient,KGS,0.5,3,1.44,505.41,0,252.705,0.515,260.28615,16-Jul-2023 03:39:00 PM,16-Jul-2023 03:39:00 PM,FIZZA NAEEM,FIZZA NAEEM
160734,005600 -0000 -F33/ 45,16,BPPL ECON EMUL - WHITE,7,46242,103,Ingredient,KGS,0.14,3,1.44,636.36,0,89.0904,0.1442,91.763112,16-Jul-2023 03:39:00 PM,16-Jul-2023 03:39:00 PM,FIZZA NAEEM,FIZZA NAEEM
160734,005600 -0000 -F33/ 45,16,BPPL ECON EMUL - WHITE,8,2240,103,Ingredient,KGS,0.2,3,1.44,0.01,0,0.002,0.206,0.00206,16-Jul-2023 03:39:00 PM,16-Jul-2023 03:39:00 PM,FIZZA NAEEM,FIZZA NAEEM
160734,005600 -0000 -F33/ 45,16,BPPL ECON EMUL - WHITE,9,4543850,103,Ingredient,KGS,6.9,3,1.44,278.48,0,1921.512,7.107,1979.15736,16-Jul-2023 03:39:00 PM,16-Jul-2023 03:39:00 PM,FIZZA NAEEM,FIZZA NAEEM
160734,005600 -0000 -F33/ 45,16,BPPL ECON EMUL - WHITE,10,30,103,Ingredient,KGS,0.05,3,1.44,446.25,0,22.3125,0.0515,22.981875,16-Jul-2023 03:39:00 PM,16-Jul-2023 03:39:00 PM,FIZZA NAEEM,FIZZA NAEEM
160734,005600 -0000 -F33/ 45,16,BPPL ECON EMUL - WHITE,11,2240,103,Ingredient,KGS,1,3,1.44,0.01,0,0.01,1.03,0.0103,16-Jul-2023 03:39:00 PM,16-Jul-2023 03:39:00 PM,FIZZA NAEEM,FIZZA NAEEM
161829,005600 -0000 -F33/ 45,17,BPPL ECON EMUL - WHITE,1,82119,103,Product,KGS,100,3,1.44,70.97,73.0991,7097,103,7309.91,11-Sept-2023 04:36:14 PM,11-Sept-2023 04:36:14 PM,FIZZA NAEEM,FIZZA NAEEM
161829,005600 -0000 -F33/ 45,17,BPPL ECON EMUL - WHITE,1,5126982,103,Ingredient,KGS,89.34,3,1.44,36.72,0,3280.5648,92.0202,3378.981744,11-Sept-2023 04:36:14 PM,11-Sept-2023 04:36:14 PM,FIZZA NAEEM,FIZZA NAEEM
161829,005600 -0000 -F33/ 45,17,BPPL ECON EMUL - WHITE,2,6156541,103,Ingredient,KGS,0.52,3,1.44,740.66,0,385.1432,0.5356,396.697496,11-Sept-2023 04:36:14 PM,11-Sept-2023 04:36:14 PM,FIZZA NAEEM,FIZZA NAEEM
161829,005600 -0000 -F33/ 45,17,BPPL ECON EMUL - WHITE,3,6197559,103,Ingredient,KGS,0.45,3,1.44,2706.51,0,1217.9295,0.4635,1254.467385,11-Sept-2023 04:36:14 PM,11-Sept-2023 04:36:14 PM,FIZZA NAEEM,FIZZA NAEEM
161829,005600 -0000 -F33/ 45,17,BPPL ECON EMUL - WHITE,4,283,103,Ingredient,KGS,0.1,3,1.44,515,0,51.5,0.103,53.045,11-Sept-2023 04:36:14 PM,11-Sept-2023 04:36:14 PM,FIZZA NAEEM,FIZZA NAEEM
161829,005600 -0000 -F33/ 45,17,BPPL ECON EMUL - WHITE,5,6121501,103,Ingredient,KGS,0.8,3,1.44,318.73,0,254.984,0.824,262.63352,11-Sept-2023 04:36:14 PM,11-Sept-2023 04:36:14 PM,FIZZA NAEEM,FIZZA NAEEM
161829,005600 -0000 -F33/ 45,17,BPPL ECON EMUL - WHITE,6,6173565,103,Ingredient,KGS,0.5,3,1.44,505.9,0,252.95,0.515,260.5385,11-Sept-2023 04:36:14 PM,11-Sept-2023 04:36:14 PM,FIZZA NAEEM,FIZZA NAEEM
161829,005600 -0000 -F33/ 45,17,BPPL ECON EMUL - WHITE,7,46242,103,Ingredient,KGS,0.14,3,1.44,644.19,0,90.1866,0.1442,92.892198,11-Sept-2023 04:36:14 PM,11-Sept-2023 04:36:14 PM,FIZZA NAEEM,FIZZA NAEEM
161829,005600 -0000 -F33/ 45,17,BPPL ECON EMUL - WHITE,8,2240,103,Ingredient,KGS,0.2,3,1.44,0.01,0,0.002,0.206,0.00206,11-Sept-2023 04:36:14 PM,11-Sept-2023 04:36:14 PM,FIZZA NAEEM,FIZZA NAEEM
161829,005600 -0000 -F33/ 45,17,BPPL ECON EMUL - WHITE,9,4543850,103,Ingredient,KGS,6.9,3,1.44,67.31,0,464.439,7.107,478.37217,11-Sept-2023 04:36:14 PM,11-Sept-2023 04:36:14 PM,FIZZA NAEEM,FIZZA NAEEM
161829,005600 -0000 -F33/ 45,17,BPPL ECON EMUL - WHITE,10,30,103,Ingredient,KGS,0.05,3,1.44,465.75,0,23.2875,0.0515,23.986125,11-Sept-2023 04:36:14 PM,11-Sept-2023 04:36:14 PM,FIZZA NAEEM,FIZZA NAEEM
161829,005600 -0000 -F33/ 45,17,BPPL ECON EMUL - WHITE,11,2240,103,Ingredient,KGS,1,3,1.44,0.01,0,0.01,1.03,0.0103,11-Sept-2023 04:36:14 PM,11-Sept-2023 04:36:14 PM,FIZZA NAEEM,FIZZA NAEEM
162338,005600 -0000 -F33/ 45,18,BPPL ECON EMUL - WHITE,1,82119,103,Product,KGS,100,3,1.44,77.1,79.413,7710,103,7941.3,11-Oct-2023 03:56:19 PM,11-Oct-2023 03:56:19 PM,KHURSHID IMAM,KHURSHID IMAM
162338,005600 -0000 -F33/ 45,18,BPPL ECON EMUL - WHITE,1,5126982,103,Ingredient,KGS,89.34,3,1.44,35.55,0,3176.037,92.0202,3271.31811,11-Oct-2023 03:56:19 PM,11-Oct-2023 03:56:19 PM,KHURSHID IMAM,KHURSHID IMAM
162338,005600 -0000 -F33/ 45,18,BPPL ECON EMUL - WHITE,2,6156541,103,Ingredient,KGS,0.52,3,1.44,729.31,0,379.2412,0.5356,390.618436,11-Oct-2023 03:56:19 PM,11-Oct-2023 03:56:19 PM,KHURSHID IMAM,KHURSHID IMAM
162338,005600 -0000 -F33/ 45,18,BPPL ECON EMUL - WHITE,3,6197559,103,Ingredient,KGS,0.45,3,1.44,2706.51,0,1217.9295,0.4635,1254.467385,11-Oct-2023 03:56:19 PM,11-Oct-2023 03:56:19 PM,KHURSHID IMAM,KHURSHID IMAM
162338,005600 -0000 -F33/ 45,18,BPPL ECON EMUL - WHITE,4,283,103,Ingredient,KGS,0.1,3,1.44,496.4,0,49.64,0.103,51.1292,11-Oct-2023 03:56:19 PM,11-Oct-2023 03:56:19 PM,KHURSHID IMAM,KHURSHID IMAM
162338,005600 -0000 -F33/ 45,18,BPPL ECON EMUL - WHITE,5,6121501,103,Ingredient,KGS,0.8,3,1.44,334.2,0,267.36,0.824,275.3808,11-Oct-2023 03:56:19 PM,11-Oct-2023 03:56:19 PM,KHURSHID IMAM,KHURSHID IMAM
162338,005600 -0000 -F33/ 45,18,BPPL ECON EMUL - WHITE,6,6173565,103,Ingredient,KGS,0.5,3,1.44,547.15,0,273.575,0.515,281.78225,11-Oct-2023 03:56:19 PM,11-Oct-2023 03:56:19 PM,KHURSHID IMAM,KHURSHID IMAM
162338,005600 -0000 -F33/ 45,18,BPPL ECON EMUL - WHITE,7,46242,103,Ingredient,KGS,0.14,3,1.44,644.19,0,90.1866,0.1442,92.892198,11-Oct-2023 03:56:19 PM,11-Oct-2023 03:56:19 PM,KHURSHID IMAM,KHURSHID IMAM
162338,005600 -0000 -F33/ 45,18,BPPL ECON EMUL - WHITE,8,2240,103,Ingredient,KGS,0.2,3,1.44,0.01,0,0.002,0.206,0.00206,11-Oct-2023 03:56:19 PM,11-Oct-2023 03:56:19 PM,KHURSHID IMAM,KHURSHID IMAM
162338,005600 -0000 -F33/ 45,18,BPPL ECON EMUL - WHITE,9,6143498,103,Ingredient,KGS,6.9,3,1.44,312.68,0,2157.492,7.107,2222.21676,11-Oct-2023 03:56:19 PM,11-Oct-2023 03:56:19 PM,KHURSHID IMAM,KHURSHID IMAM
162338,005600 -0000 -F33/ 45,18,BPPL ECON EMUL - WHITE,10,30,103,Ingredient,KGS,0.05,3,1.44,465.93,0,23.2965,0.0515,23.995395,11-Oct-2023 03:56:19 PM,11-Oct-2023 03:56:19 PM,KHURSHID IMAM,KHURSHID IMAM
162338,005600 -0000 -F33/ 45,18,BPPL ECON EMUL - WHITE,11,2240,103,Ingredient,KGS,1,3,1.44,0.01,0,0.01,1.03,0.0103,11-Oct-2023 03:56:19 PM,11-Oct-2023 03:56:19 PM,KHURSHID IMAM,KHURSHID IMAM
162970,005600 -0000 -F33/ 45,19,BPPL ECON EMUL - WHITE,1,82119,103,Product,KGS,100,3,1.44,77.21,79.5263,7721,103,7952.63,18-Nov-2023 11:37:36 AM,18-Nov-2023 11:37:36 AM,FIZZA NAEEM,FIZZA NAEEM
162970,005600 -0000 -F33/ 45,19,BPPL ECON EMUL - WHITE,1,5126982,103,Ingredient,KGS,89.34,3,1.44,37.34,0,3335.9556,92.0202,3436.034268,18-Nov-2023 11:37:36 AM,18-Nov-2023 11:37:36 AM,FIZZA NAEEM,FIZZA NAEEM
162970,005600 -0000 -F33/ 45,19,BPPL ECON EMUL - WHITE,2,6156541,103,Ingredient,KGS,0.52,3,1.44,684.32,0,355.8464,0.5356,366.521792,18-Nov-2023 11:37:36 AM,18-Nov-2023 11:37:36 AM,FIZZA NAEEM,FIZZA NAEEM
162970,005600 -0000 -F33/ 45,19,BPPL ECON EMUL - WHITE,3,6542760,103,Ingredient,KGS,0.45,3,1.44,2803.7,0,1261.665,0.4635,1299.51495,18-Nov-2023 11:37:36 AM,18-Nov-2023 11:37:36 AM,FIZZA NAEEM,FIZZA NAEEM
162970,005600 -0000 -F33/ 45,19,BPPL ECON EMUL - WHITE,4,283,103,Ingredient,KGS,0.1,3,1.44,491.51,0,49.151,0.103,50.62553,18-Nov-2023 11:37:36 AM,18-Nov-2023 11:37:36 AM,FIZZA NAEEM,FIZZA NAEEM
162970,005600 -0000 -F33/ 45,19,BPPL ECON EMUL - WHITE,5,6121501,103,Ingredient,KGS,0.8,3,1.44,318.68,0,254.944,0.824,262.59232,18-Nov-2023 11:37:36 AM,18-Nov-2023 11:37:36 AM,FIZZA NAEEM,FIZZA NAEEM
162970,005600 -0000 -F33/ 45,19,BPPL ECON EMUL - WHITE,6,6173565,103,Ingredient,KGS,0.5,3,1.44,589.86,0,294.93,0.515,303.7779,18-Nov-2023 11:37:36 AM,18-Nov-2023 11:37:36 AM,FIZZA NAEEM,FIZZA NAEEM
162970,005600 -0000 -F33/ 45,19,BPPL ECON EMUL - WHITE,7,46242,103,Ingredient,KGS,0.14,3,1.44,644.19,0,90.1866,0.1442,92.892198,18-Nov-2023 11:37:36 AM,18-Nov-2023 11:37:36 AM,FIZZA NAEEM,FIZZA NAEEM
162970,005600 -0000 -F33/ 45,19,BPPL ECON EMUL - WHITE,8,2240,103,Ingredient,KGS,0.2,3,1.44,0.01,0,0.002,0.206,0.00206,18-Nov-2023 11:37:36 AM,18-Nov-2023 11:37:36 AM,FIZZA NAEEM,FIZZA NAEEM
162970,005600 -0000 -F33/ 45,19,BPPL ECON EMUL - WHITE,9,4543850,103,Ingredient,KGS,6.9,3,1.44,265.78,0,1833.882,7.107,1888.89846,18-Nov-2023 11:37:36 AM,18-Nov-2023 11:37:36 AM,FIZZA NAEEM,FIZZA NAEEM
162970,005600 -0000 -F33/ 45,19,BPPL ECON EMUL - WHITE,10,30,103,Ingredient,KGS,0.05,3,1.44,465.99,0,23.2995,0.0515,23.998485,18-Nov-2023 11:37:36 AM,18-Nov-2023 11:37:36 AM,FIZZA NAEEM,FIZZA NAEEM
162970,005600 -0000 -F33/ 45,19,BPPL ECON EMUL - WHITE,11,2240,103,Ingredient,KGS,1,3,1.44,0.01,0,0.01,1.03,0.0103,18-Nov-2023 11:37:36 AM,18-Nov-2023 11:37:36 AM,FIZZA NAEEM,FIZZA NAEEM
163391,005600 -0000 -F33/ 45,20,BPPL ECON EMUL - WHITE,1,82119,103,Product,KGS,100,3,1.44,77.37,79.6911,7737,103,7969.11,14-Dec-2023 03:57:02 PM,14-Dec-2023 03:57:02 PM,FIZZA NAEEM,FIZZA NAEEM
163391,005600 -0000 -F33/ 45,20,BPPL ECON EMUL - WHITE,1,5126982,103,Ingredient,KGS,89.34,3,1.44,37.63,0,3361.8642,92.0202,3462.720126,14-Dec-2023 03:57:02 PM,14-Dec-2023 03:57:02 PM,FIZZA NAEEM,FIZZA NAEEM
163391,005600 -0000 -F33/ 45,20,BPPL ECON EMUL - WHITE,2,6156541,103,Ingredient,KGS,0.52,3,1.44,669.05,0,347.906,0.5356,358.34318,14-Dec-2023 03:57:02 PM,14-Dec-2023 03:57:02 PM,FIZZA NAEEM,FIZZA NAEEM
163391,005600 -0000 -F33/ 45,20,BPPL ECON EMUL - WHITE,3,58,103,Ingredient,KGS,0.45,3,1.44,2793.97,0,1257.2865,0.4635,1295.005095,14-Dec-2023 03:57:02 PM,14-Dec-2023 03:57:02 PM,FIZZA NAEEM,FIZZA NAEEM
163391,005600 -0000 -F33/ 45,20,BPPL ECON EMUL - WHITE,4,283,103,Ingredient,KGS,0.1,3,1.44,487.37,0,48.737,0.103,50.19911,14-Dec-2023 03:57:02 PM,14-Dec-2023 03:57:02 PM,FIZZA NAEEM,FIZZA NAEEM
163391,005600 -0000 -F33/ 45,20,BPPL ECON EMUL - WHITE,5,6121501,103,Ingredient,KGS,0.8,3,1.44,305.02,0,244.016,0.824,251.33648,14-Dec-2023 03:57:02 PM,14-Dec-2023 03:57:02 PM,FIZZA NAEEM,FIZZA NAEEM
163391,005600 -0000 -F33/ 45,20,BPPL ECON EMUL - WHITE,6,6173565,103,Ingredient,KGS,0.5,3,1.44,477.09,0,238.545,0.515,245.70135,14-Dec-2023 03:57:02 PM,14-Dec-2023 03:57:02 PM,FIZZA NAEEM,FIZZA NAEEM
163391,005600 -0000 -F33/ 45,20,BPPL ECON EMUL - WHITE,7,46242,103,Ingredient,KGS,0.14,3,1.44,644.19,0,90.1866,0.1442,92.892198,14-Dec-2023 03:57:02 PM,14-Dec-2023 03:57:02 PM,FIZZA NAEEM,FIZZA NAEEM
163391,005600 -0000 -F33/ 45,20,BPPL ECON EMUL - WHITE,8,2240,103,Ingredient,KGS,0.2,3,1.44,0.01,0,0.002,0.206,0.00206,14-Dec-2023 03:57:02 PM,14-Dec-2023 03:57:02 PM,FIZZA NAEEM,FIZZA NAEEM
163391,005600 -0000 -F33/ 45,20,BPPL ECON EMUL - WHITE,9,4543850,103,Ingredient,KGS,6.9,3,1.44,258.4,0,1782.96,7.107,1836.4488,14-Dec-2023 03:57:02 PM,14-Dec-2023 03:57:02 PM,FIZZA NAEEM,FIZZA NAEEM
163391,005600 -0000 -F33/ 45,20,BPPL ECON EMUL - WHITE,10,30,103,Ingredient,KGS,0.05,3,1.44,466.05,0,23.3025,0.0515,24.001575,14-Dec-2023 03:57:02 PM,14-Dec-2023 03:57:02 PM,FIZZA NAEEM,FIZZA NAEEM
163391,005600 -0000 -F33/ 45,20,BPPL ECON EMUL - WHITE,11,2240,103,Ingredient,KGS,1,3,1.44,0.01,0,0.01,1.03,0.0103,14-Dec-2023 03:57:02 PM,14-Dec-2023 03:57:02 PM,FIZZA NAEEM,FIZZA NAEEM
165294,005600 -0000 -F33/ 45,21,BPPL ECON EMUL - WHITE,1,82119,103,Product,KGS,100,3,1.44,70.9,73.027,7090,103,7302.7,18-Apr-2024 04:39:10 PM,18-Apr-2024 04:39:10 PM,FIZZA NAEEM,FIZZA NAEEM
165294,005600 -0000 -F33/ 45,21,BPPL ECON EMUL - WHITE,1,5126982,103,Ingredient,KGS,89.34,3,1.44,36.2,0,3234.108,92.0202,3331.13124,18-Apr-2024 04:39:10 PM,18-Apr-2024 04:39:10 PM,FIZZA NAEEM,FIZZA NAEEM
165294,005600 -0000 -F33/ 45,21,BPPL ECON EMUL - WHITE,2,6156541,103,Ingredient,KGS,0.52,3,1.44,667.18,0,346.9336,0.5356,357.341608,18-Apr-2024 04:39:10 PM,18-Apr-2024 04:39:10 PM,FIZZA NAEEM,FIZZA NAEEM
165294,005600 -0000 -F33/ 45,21,BPPL ECON EMUL - WHITE,3,6197559,103,Ingredient,KGS,0.45,3,1.44,2318.89,0,1043.5005,0.4635,1074.805515,18-Apr-2024 04:39:10 PM,18-Apr-2024 04:39:10 PM,FIZZA NAEEM,FIZZA NAEEM
165294,005600 -0000 -F33/ 45,21,BPPL ECON EMUL - WHITE,4,283,103,Ingredient,KGS,0.1,3,1.44,485.01,0,48.501,0.103,49.95603,18-Apr-2024 04:39:10 PM,18-Apr-2024 04:39:10 PM,FIZZA NAEEM,FIZZA NAEEM
165294,005600 -0000 -F33/ 45,21,BPPL ECON EMUL - WHITE,5,947,103,Ingredient,KGS,0.8,3,1.44,314.77,0,251.816,0.824,259.37048,18-Apr-2024 04:39:10 PM,18-Apr-2024 04:39:10 PM,FIZZA NAEEM,FIZZA NAEEM
165294,005600 -0000 -F33/ 45,21,BPPL ECON EMUL - WHITE,6,6173565,103,Ingredient,KGS,0.5,3,1.44,489.69,0,244.845,0.515,252.19035,18-Apr-2024 04:39:10 PM,18-Apr-2024 04:39:10 PM,FIZZA NAEEM,FIZZA NAEEM
165294,005600 -0000 -F33/ 45,21,BPPL ECON EMUL - WHITE,7,46242,103,Ingredient,KGS,0.14,3,1.44,642.12,0,89.8968,0.1442,92.593704,18-Apr-2024 04:39:10 PM,18-Apr-2024 04:39:10 PM,FIZZA NAEEM,FIZZA NAEEM
165294,005600 -0000 -F33/ 45,21,BPPL ECON EMUL - WHITE,8,2240,103,Ingredient,KGS,0.2,3,1.44,0.01,0,0.002,0.206,0.00206,18-Apr-2024 04:39:10 PM,18-Apr-2024 04:39:10 PM,FIZZA NAEEM,FIZZA NAEEM
165294,005600 -0000 -F33/ 45,21,BPPL ECON EMUL - WHITE,9,4543850,103,Ingredient,KGS,6.9,3,1.44,244.44,0,1686.636,7.107,1737.23508,18-Apr-2024 04:39:10 PM,18-Apr-2024 04:39:10 PM,FIZZA NAEEM,FIZZA NAEEM
165294,005600 -0000 -F33/ 45,21,BPPL ECON EMUL - WHITE,10,30,103,Ingredient,KGS,0.05,3,1.44,458.17,0,22.9085,0.0515,23.595755,18-Apr-2024 04:39:10 PM,18-Apr-2024 04:39:10 PM,FIZZA NAEEM,FIZZA NAEEM
165294,005600 -0000 -F33/ 45,21,BPPL ECON EMUL - WHITE,11,2240,103,Ingredient,KGS,1,3,1.44,0.01,0,0.01,1.03,0.0103,18-Apr-2024 04:39:10 PM,18-Apr-2024 04:39:10 PM,FIZZA NAEEM,FIZZA NAEEM
166417,005600 -0000 -F33/ 45,22,BPPL ECON EMUL - WHITE,1,5126982,103,Ingredient,KGS,89.34,3,1.44,36.37,0,3249.2958,92.0202,3346.774674,28-Jun-2024 02:49:12 PM,28-Jun-2024 02:49:12 PM,KHURSHID IMAM,KHURSHID IMAM
166417,005600 -0000 -F33/ 45,22,BPPL ECON EMUL - WHITE,1,82119,103,Product,KGS,100,3,1.44,70.64,72.7592,7064,103,7275.92,28-Jun-2024 02:49:12 PM,28-Jun-2024 02:49:12 PM,KHURSHID IMAM,KHURSHID IMAM
166417,005600 -0000 -F33/ 45,22,BPPL ECON EMUL - WHITE,2,6156541,103,Ingredient,KGS,0.52,3,1.44,689.94,0,358.7688,0.5356,369.531864,28-Jun-2024 02:49:12 PM,28-Jun-2024 02:49:12 PM,KHURSHID IMAM,KHURSHID IMAM
166417,005600 -0000 -F33/ 45,22,BPPL ECON EMUL - WHITE,3,58,103,Ingredient,KGS,0.45,3,1.44,2350,0,1057.5,0.4635,1089.225,28-Jun-2024 02:49:12 PM,28-Jun-2024 02:49:12 PM,KHURSHID IMAM,KHURSHID IMAM
166417,005600 -0000 -F33/ 45,22,BPPL ECON EMUL - WHITE,4,283,103,Ingredient,KGS,0.1,3,1.44,485,0,48.5,0.103,49.955,28-Jun-2024 02:49:12 PM,28-Jun-2024 02:49:12 PM,KHURSHID IMAM,KHURSHID IMAM
166417,005600 -0000 -F33/ 45,22,BPPL ECON EMUL - WHITE,5,947,103,Ingredient,KGS,0.8,3,1.44,289.97,0,231.976,0.824,238.93528,28-Jun-2024 02:49:12 PM,28-Jun-2024 02:49:12 PM,KHURSHID IMAM,KHURSHID IMAM
166417,005600 -0000 -F33/ 45,22,BPPL ECON EMUL - WHITE,6,6173565,103,Ingredient,KGS,0.5,3,1.44,488.56,0,244.28,0.515,251.6084,28-Jun-2024 02:49:12 PM,28-Jun-2024 02:49:12 PM,KHURSHID IMAM,KHURSHID IMAM
166417,005600 -0000 -F33/ 45,22,BPPL ECON EMUL - WHITE,7,46242,103,Ingredient,KGS,0.14,3,1.44,642.12,0,89.8968,0.1442,92.593704,28-Jun-2024 02:49:12 PM,28-Jun-2024 02:49:12 PM,KHURSHID IMAM,KHURSHID IMAM
166417,005600 -0000 -F33/ 45,22,BPPL ECON EMUL - WHITE,8,2240,103,Ingredient,KGS,0.2,3,1.44,0.01,0,0.002,0.206,0.00206,28-Jun-2024 02:49:12 PM,28-Jun-2024 02:49:12 PM,KHURSHID IMAM,KHURSHID IMAM
166417,005600 -0000 -F33/ 45,22,BPPL ECON EMUL - WHITE,9,4543850,103,Ingredient,KGS,6.9,3,1.44,245.18,0,1691.742,7.107,1742.49426,28-Jun-2024 02:49:12 PM,28-Jun-2024 02:49:12 PM,KHURSHID IMAM,KHURSHID IMAM
166417,005600 -0000 -F33/ 45,22,BPPL ECON EMUL - WHITE,10,30,103,Ingredient,KGS,0.05,3,1.44,457.71,0,22.8855,0.0515,23.572065,28-Jun-2024 02:49:12 PM,28-Jun-2024 02:49:12 PM,KHURSHID IMAM,KHURSHID IMAM
166417,005600 -0000 -F33/ 45,22,BPPL ECON EMUL - WHITE,11,2240,103,Ingredient,KGS,1,3,1.44,0.01,0,0.01,1.03,0.0103,28-Jun-2024 02:49:12 PM,28-Jun-2024 02:49:12 PM,KHURSHID IMAM,KHURSHID IMAM
171408,005600 -0000 -F33/ 45,23,BPPL ECON EMUL - WHITE,1,5126982,103,Ingredient,KGS,89.34,3,1.44,39.07,0,3490.5138,92.0202,3595.229214,22-Mar-2025 03:02:48 PM,22-Mar-2025 03:02:48 PM,NAIMA MALIK,NAIMA MALIK
171408,005600 -0000 -F33/ 45,23,BPPL ECON EMUL - WHITE,1,82119,103,Product,KGS,100,3,1.44,73.67,75.8801,7367,103,7588.01,22-Mar-2025 03:02:48 PM,22-Mar-2025 03:02:48 PM,NAIMA MALIK,NAIMA MALIK
171408,005600 -0000 -F33/ 45,23,BPPL ECON EMUL - WHITE,2,6192555,103,Ingredient,KGS,0.52,3,1.44,743.67,0,386.7084,0.5356,398.309652,22-Mar-2025 03:02:48 PM,22-Mar-2025 03:02:48 PM,NAIMA MALIK,NAIMA MALIK
171408,005600 -0000 -F33/ 45,23,BPPL ECON EMUL - WHITE,3,58,103,Ingredient,KGS,0.45,3,1.44,2000,0,900,0.4635,927,22-Mar-2025 03:02:48 PM,22-Mar-2025 03:02:48 PM,NAIMA MALIK,NAIMA MALIK
171408,005600 -0000 -F33/ 45,23,BPPL ECON EMUL - WHITE,4,283,103,Ingredient,KGS,0.1,3,1.44,480,0,48,0.103,49.44,22-Mar-2025 03:02:48 PM,22-Mar-2025 03:02:48 PM,NAIMA MALIK,NAIMA MALIK
171408,005600 -0000 -F33/ 45,23,BPPL ECON EMUL - WHITE,5,6121501,103,Ingredient,KGS,0.8,3,1.44,268.53,0,214.824,0.824,221.26872,22-Mar-2025 03:02:48 PM,22-Mar-2025 03:02:48 PM,NAIMA MALIK,NAIMA MALIK
171408,005600 -0000 -F33/ 45,23,BPPL ECON EMUL - WHITE,6,6173565,103,Ingredient,KGS,0.5,3,1.44,458.2,0,229.1,0.515,235.973,22-Mar-2025 03:02:48 PM,22-Mar-2025 03:02:48 PM,NAIMA MALIK,NAIMA MALIK
171408,005600 -0000 -F33/ 45,23,BPPL ECON EMUL - WHITE,7,46242,103,Ingredient,KGS,0.14,3,1.44,625.66,0,87.5924,0.1442,90.220172,22-Mar-2025 03:02:48 PM,22-Mar-2025 03:02:48 PM,NAIMA MALIK,NAIMA MALIK
171408,005600 -0000 -F33/ 45,23,BPPL ECON EMUL - WHITE,8,2240,103,Ingredient,KGS,0.2,3,1.44,0.01,0,0.002,0.206,0.00206,22-Mar-2025 03:02:48 PM,22-Mar-2025 03:02:48 PM,NAIMA MALIK,NAIMA MALIK
171408,005600 -0000 -F33/ 45,23,BPPL ECON EMUL - WHITE,9,4543850,103,Ingredient,KGS,6.9,3,1.44,244.21,0,1685.049,7.107,1735.60047,22-Mar-2025 03:02:48 PM,22-Mar-2025 03:02:48 PM,NAIMA MALIK,NAIMA MALIK
171408,005600 -0000 -F33/ 45,23,BPPL ECON EMUL - WHITE,10,30,103,Ingredient,KGS,0.05,3,1.44,457.62,0,22.881,0.0515,23.56743,22-Mar-2025 03:02:48 PM,22-Mar-2025 03:02:48 PM,NAIMA MALIK,NAIMA MALIK
171408,005600 -0000 -F33/ 45,23,BPPL ECON EMUL - WHITE,11,2240,103,Ingredient,KGS,1,3,1.44,0.01,0,0.01,1.03,0.0103,22-Mar-2025 03:02:48 PM,22-Mar-2025 03:02:48 PM,NAIMA MALIK,NAIMA MALIK
171890,005600 -0000 -F33/ 45,24,BPPL ECON EMUL - WHITE,1,5126982,103,Ingredient,KGS,89.34,3,1.44,38.92,0,3477.1128,92.0202,3581.426184,27-Apr-2025 12:20:46 PM,27-Apr-2025 12:20:46 PM,SUNEEL AKRAM,SUNEEL AKRAM
171890,005600 -0000 -F33/ 45,24,BPPL ECON EMUL - WHITE,1,82119,103,Product,KGS,100,3,1.44,73.67,75.8801,7367,103,7588.01,27-Apr-2025 12:20:46 PM,27-Apr-2025 12:20:46 PM,SUNEEL AKRAM,SUNEEL AKRAM
171890,005600 -0000 -F33/ 45,24,BPPL ECON EMUL - WHITE,2,6192555,103,Ingredient,KGS,0.52,3,1.44,707.73,0,368.0196,0.5356,379.060188,27-Apr-2025 12:20:46 PM,27-Apr-2025 12:20:46 PM,SUNEEL AKRAM,SUNEEL AKRAM
171890,005600 -0000 -F33/ 45,24,BPPL ECON EMUL - WHITE,3,6402742,103,Ingredient,KGS,0.45,3,1.44,1864.4,0,838.98,0.4635,864.1494,27-Apr-2025 12:20:46 PM,27-Apr-2025 12:20:46 PM,SUNEEL AKRAM,SUNEEL AKRAM
171890,005600 -0000 -F33/ 45,24,BPPL ECON EMUL - WHITE,4,283,103,Ingredient,KGS,0.1,3,1.44,480,0,48,0.103,49.44,27-Apr-2025 12:20:46 PM,27-Apr-2025 12:20:46 PM,SUNEEL AKRAM,SUNEEL AKRAM
171890,005600 -0000 -F33/ 45,24,BPPL ECON EMUL - WHITE,5,6121501,103,Ingredient,KGS,0.8,3,1.44,269.22,0,215.376,0.824,221.83728,27-Apr-2025 12:20:46 PM,27-Apr-2025 12:20:46 PM,SUNEEL AKRAM,SUNEEL AKRAM
171890,005600 -0000 -F33/ 45,24,BPPL ECON EMUL - WHITE,6,6173565,103,Ingredient,KGS,0.5,3,1.44,478.47,0,239.235,0.515,246.41205,27-Apr-2025 12:20:46 PM,27-Apr-2025 12:20:46 PM,SUNEEL AKRAM,SUNEEL AKRAM
171890,005600 -0000 -F33/ 45,24,BPPL ECON EMUL - WHITE,7,46242,103,Ingredient,KGS,0.14,3,1.44,594.21,0,83.1894,0.1442,85.685082,27-Apr-2025 12:20:46 PM,27-Apr-2025 12:20:46 PM,SUNEEL AKRAM,SUNEEL AKRAM
171890,005600 -0000 -F33/ 45,24,BPPL ECON EMUL - WHITE,8,2240,103,Ingredient,KGS,0.2,3,1.44,0.01,0,0.002,0.206,0.00206,27-Apr-2025 12:20:46 PM,27-Apr-2025 12:20:46 PM,SUNEEL AKRAM,SUNEEL AKRAM
171890,005600 -0000 -F33/ 45,24,BPPL ECON EMUL - WHITE,9,4543850,103,Ingredient,KGS,6.9,3,1.44,238.61,0,1646.409,7.107,1695.80127,27-Apr-2025 12:20:46 PM,27-Apr-2025 12:20:46 PM,SUNEEL AKRAM,SUNEEL AKRAM
171890,005600 -0000 -F33/ 45,24,BPPL ECON EMUL - WHITE,10,30,103,Ingredient,KGS,0.05,3,1.44,457.62,0,22.881,0.0515,23.56743,27-Apr-2025 12:20:46 PM,27-Apr-2025 12:20:46 PM,SUNEEL AKRAM,SUNEEL AKRAM
171890,005600 -0000 -F33/ 45,24,BPPL ECON EMUL - WHITE,11,2240,103,Ingredient,KGS,1,3,1.44,0.01,0,0.01,1.03,0.0103,27-Apr-2025 12:20:46 PM,27-Apr-2025 12:20:46 PM,SUNEEL AKRAM,SUNEEL AKRAM
172322,005600 -0000 -F33/ 45,25,BPPL ECON EMUL - WHITE,1,5126982,103,Ingredient,KGS,89.34,3,1.44,38.49,0,3438.6966,92.0202,3541.857498,30-May-2025 05:49:11 PM,30-May-2025 05:49:11 PM,SUNEEL AKRAM,SUNEEL AKRAM
172322,005600 -0000 -F33/ 45,25,BPPL ECON EMUL - WHITE,1,82119,103,Product,KGS,100,3,1.44,72.46,74.6338,7246,103,7463.38,30-May-2025 05:49:11 PM,30-May-2025 05:49:11 PM,SUNEEL AKRAM,SUNEEL AKRAM
172322,005600 -0000 -F33/ 45,25,BPPL ECON EMUL - WHITE,2,6156541,103,Ingredient,KGS,0.52,3,1.44,617.66,0,321.1832,0.5356,330.818696,30-May-2025 05:49:11 PM,30-May-2025 05:49:11 PM,SUNEEL AKRAM,SUNEEL AKRAM
172322,005600 -0000 -F33/ 45,25,BPPL ECON EMUL - WHITE,3,6197559,103,Ingredient,KGS,0.45,3,1.44,1740.16,0,783.072,0.4635,806.56416,30-May-2025 05:49:11 PM,30-May-2025 05:49:11 PM,SUNEEL AKRAM,SUNEEL AKRAM
172322,005600 -0000 -F33/ 45,25,BPPL ECON EMUL - WHITE,4,283,103,Ingredient,KGS,0.1,3,1.44,480,0,48,0.103,49.44,30-May-2025 05:49:11 PM,30-May-2025 05:49:11 PM,SUNEEL AKRAM,SUNEEL AKRAM
172322,005600 -0000 -F33/ 45,25,BPPL ECON EMUL - WHITE,5,6121501,103,Ingredient,KGS,0.8,3,1.44,264.85,0,211.88,0.824,218.2364,30-May-2025 05:49:11 PM,30-May-2025 05:49:11 PM,SUNEEL AKRAM,SUNEEL AKRAM
172322,005600 -0000 -F33/ 45,25,BPPL ECON EMUL - WHITE,6,6173565,103,Ingredient,KGS,0.5,3,1.44,483.99,0,241.995,0.515,249.25485,30-May-2025 05:49:11 PM,30-May-2025 05:49:11 PM,SUNEEL AKRAM,SUNEEL AKRAM
172322,005600 -0000 -F33/ 45,25,BPPL ECON EMUL - WHITE,7,46242,103,Ingredient,KGS,0.14,3,1.44,594.21,0,83.1894,0.1442,85.685082,30-May-2025 05:49:11 PM,30-May-2025 05:49:11 PM,SUNEEL AKRAM,SUNEEL AKRAM
172322,005600 -0000 -F33/ 45,25,BPPL ECON EMUL - WHITE,8,2240,103,Ingredient,KGS,0.2,3,1.44,0.01,0,0.002,0.206,0.00206,30-May-2025 05:49:11 PM,30-May-2025 05:49:11 PM,SUNEEL AKRAM,SUNEEL AKRAM
172322,005600 -0000 -F33/ 45,25,BPPL ECON EMUL - WHITE,9,4543850,103,Ingredient,KGS,6.9,3,1.44,234.57,0,1618.533,7.107,1667.08899,30-May-2025 05:49:11 PM,30-May-2025 05:49:11 PM,SUNEEL AKRAM,SUNEEL AKRAM
172322,005600 -0000 -F33/ 45,25,BPPL ECON EMUL - WHITE,10,30,103,Ingredient,KGS,0.05,3,1.44,457.62,0,22.881,0.0515,23.56743,30-May-2025 05:49:11 PM,30-May-2025 05:49:11 PM,SUNEEL AKRAM,SUNEEL AKRAM
172322,005600 -0000 -F33/ 45,25,BPPL ECON EMUL - WHITE,11,2240,103,Ingredient,KGS,1,3,1.44,0.01,0,0.01,1.03,0.0103,30-May-2025 05:49:11 PM,30-May-2025 05:49:11 PM,SUNEEL AKRAM,SUNEEL AKRAM
172417,005600 -0000 -F33/ 45,27,BPPL ECON EMUL - WHITE,1,82119,103,Product,KGS,100,3,1.44,71.39,73.5317,7139,103,7353.17,10-Jun-2025 01:04:53 PM,10-Jun-2025 01:04:58 PM,ZAIBUN NISA,ZAIBUN NISA
172417,005600 -0000 -F33/ 45,27,BPPL ECON EMUL - WHITE,1,5126982,103,Ingredient,KGS,89.34,3,1.44,38.67,0,3454.7778,92.0202,3558.421134,10-Jun-2025 01:04:52 PM,10-Jun-2025 01:04:52 PM,ZAIBUN NISA,ZAIBUN NISA
172417,005600 -0000 -F33/ 45,27,BPPL ECON EMUL - WHITE,2,6156541,103,Ingredient,KGS,0.52,3,1.44,617.64,0,321.1728,0.5356,330.807984,10-Jun-2025 01:04:52 PM,10-Jun-2025 01:04:52 PM,ZAIBUN NISA,ZAIBUN NISA
172417,005600 -0000 -F33/ 45,27,BPPL ECON EMUL - WHITE,3,6197559,103,Ingredient,KGS,0.45,3,1.44,1740.16,0,783.072,0.4635,806.56416,10-Jun-2025 01:04:52 PM,10-Jun-2025 01:04:52 PM,ZAIBUN NISA,ZAIBUN NISA
172417,005600 -0000 -F33/ 45,27,BPPL ECON EMUL - WHITE,4,285,103,Ingredient,KGS,0.1,3,1.44,450.23,0,45.023,0.103,46.37369,10-Jun-2025 01:04:53 PM,10-Jun-2025 01:04:53 PM,ZAIBUN NISA,ZAIBUN NISA
172417,005600 -0000 -F33/ 45,27,BPPL ECON EMUL - WHITE,5,6121501,103,Ingredient,KGS,0.8,3,1.44,254.17,0,203.336,0.824,209.43608,10-Jun-2025 01:04:53 PM,10-Jun-2025 01:04:53 PM,ZAIBUN NISA,ZAIBUN NISA
172417,005600 -0000 -F33/ 45,27,BPPL ECON EMUL - WHITE,6,6173565,103,Ingredient,KGS,0.5,3,1.44,483.99,0,241.995,0.515,249.25485,10-Jun-2025 01:04:53 PM,10-Jun-2025 01:04:53 PM,ZAIBUN NISA,ZAIBUN NISA
172417,005600 -0000 -F33/ 45,27,BPPL ECON EMUL - WHITE,7,46242,103,Ingredient,KGS,0.14,3,1.44,594.21,0,83.1894,0.1442,85.685082,10-Jun-2025 01:04:53 PM,10-Jun-2025 01:04:53 PM,ZAIBUN NISA,ZAIBUN NISA
172417,005600 -0000 -F33/ 45,27,BPPL ECON EMUL - WHITE,8,2240,103,Ingredient,KGS,0.2,3,1.44,0.01,0,0.002,0.206,0.00206,10-Jun-2025 01:04:53 PM,10-Jun-2025 01:04:53 PM,ZAIBUN NISA,ZAIBUN NISA
172417,005600 -0000 -F33/ 45,27,BPPL ECON EMUL - WHITE,9,4543850,103,Ingredient,KGS,6.9,3,1.44,231.21,0,1595.349,7.107,1643.20947,10-Jun-2025 01:04:53 PM,10-Jun-2025 01:04:53 PM,ZAIBUN NISA,ZAIBUN NISA
172417,005600 -0000 -F33/ 45,27,BPPL ECON EMUL - WHITE,10,30,103,Ingredient,KGS,0.05,3,1.44,457.62,0,22.881,0.0515,23.56743,10-Jun-2025 01:04:53 PM,10-Jun-2025 01:04:53 PM,ZAIBUN NISA,ZAIBUN NISA
172417,005600 -0000 -F33/ 45,27,BPPL ECON EMUL - WHITE,11,2240,103,Ingredient,KGS,1,3,1.44,0.01,0,0.01,1.03,0.0103,10-Jun-2025 01:04:53 PM,10-Jun-2025 01:04:53 PM,ZAIBUN NISA,ZAIBUN NISA
